Вакансия,Зарплата,Тип
Стропальщик,з/п не ук,Резюме
Менеджер по работе с клиентами,25 000,Вакансии
"Делопроизводитель, секретарь, администратор",з/п не ук,Резюме
Продавец-кассир,1 200,Вакансии
Сборщик алюминиевых конструкций,з/п не ук,Вакансии
Пивовар,з/п не ук,Резюме
Бармен/Помощник повара/Кондитер,30 000,Резюме
Юрист,20 000,Резюме
Ищу работу со сменным графиком,з/п не ук,Резюме
"Администратор, помощник руководителя",30 000,Резюме
Парикмахер /Мастер производственного обучения,20 000,Вакансии
Продавец - кассир м. Технологический интститут,22 000,Вакансии
Телохранитель,60 000,Резюме
Сметчик,500,Резюме
"Ищу работу, или подработку. строительство и. т. д",з/п не ук,Резюме
Ищу рабботу,з/п не ук,Резюме
Охранник (окей) г. Колпино,20 000,Вакансии
Менеджер отдела продаж,80 000,Вакансии
"Требуются сотрудники, принимаем всех, пл Мужества",24 000,Вакансии
"Грузчик, разнорабочий",1 700,Резюме
Супервайзер без опыта,50 000,Вакансии
Бетонщик,50 000,Вакансии
Установка бордюрного камня поребрики,з/п не ук,Резюме
Работа маляром на сто,1 000,Вакансии
Профессиональные плиточники,з/п не ук,Резюме
Ландшафтный дизайны,з/п не ук,Резюме
Менеджер,30 000,Резюме
Главный бухгалтер,17 000,Резюме
Мерчендайзер,25 000,Резюме
Водитель с рефрежератором,з/п не ук,Резюме
Продавец-кассир,20 000,Резюме
Водитель,25 000,Резюме
Укладка тротуаров,з/п не ук,Резюме
Рабочий подсобный грузчи,1 500,Резюме
Электрогазосварщик полуавт под рентген. Только с ж,60 000,Резюме
Подсобник разноробочий грузчик,15 000,Резюме
Охранник. электрик. плотник,25 000,Резюме
Разнорабочий,з/п не ук,Резюме
"Бригады фасадчиков, вентилируемый фасад, фасады",800,Резюме
Требуемся в роботе,1 500,Резюме
Официанты с опытом и без на (пр. Просвещения),40 000,Вакансии
Швея,35 000,Вакансии
"Администратор хостела, продавец-консультант",10 000,Резюме
Преподаватель по ударным в музыкальную школу,350,Вакансии
Продавец-консультант м. Бухарестская,20 000,Вакансии
Распространители листовки по почтовым ящикам,30 000,Вакансии
Ищу работу в красносельском районе,30 000,Резюме
Водитель B,з/п не ук,Резюме
Водитель категории С,40 000,Вакансии
Менеджер по развитию агентской сети,20 000,Вакансии
Продавец,з/п не ук,Резюме
Продавец-кассир,30 000,Вакансии
Кузовщик с функциями маляра,50 000,Вакансии
Автомойщик,35 000,Вакансии
Техник,з/п не ук,Резюме
Водитель на Эвакуатор (спб и ло),68 500,Вакансии
Начальник охраны,з/п не ук,Резюме
Рабочий на производство,2 000,Резюме
"Начальник охраны, службы безоп., зам. ген. дир",35 000,Резюме
Звено сварщиков-ручников 6 разряд,45 000,Резюме
Менеджер по продажам автомобилей,35 000,Резюме
Менеджер по продажам,50 000,Вакансии
Мастер маникюра,з/п не ук,Резюме
Продавец молочной продукции,25 000,Вакансии
Электромонтажник судовой,з/п не ук,Вакансии
Тренер ай-ки-до,з/п не ук,Вакансии
Бригадир водителей эл. штабелёров. (С-Пб),30 000,Вакансии
"Официант, официантка",з/п не ук,Резюме
Монтажник систем вентиляции и кондиционирования,з/п не ук,Резюме
Помощник официанта в выходные дни,20 000,Вакансии
Ищу работу,з/п не ук,Резюме
"Офис -менеджер, секретарь, Администратор",24 000,Резюме
Ищу работу в ночную смену с графиком 2/2,30 000,Резюме
Ищу подработку,з/п не ук,Резюме
Водитель погрузчика/грузчик/разнорабочий,30 000,Вакансии
"Продавец, охранник, водитель, кладовщик, строитель",35 000,Резюме
Машинист на экскаватор-погрузчик,50 000,Вакансии
Бухгалтер,25 000,Резюме
Механик,з/п не ук,Резюме
Менеджер в отдел оптовых продаж электрики и света,50 000,Вакансии
Водитель,45 000,Резюме
"Охранник овн ""media-markt"" в тц ""Мега-Парнас",27 000,Вакансии
Электромонтёр,з/п не ук,Резюме
Повар универсал,28 000,Вакансии
Мастер отделочных работ,60 000,Резюме
Электромонтажник,40 000,Резюме
Грузчик,2 000,Резюме
Водитель,60 000,Вакансии
Директор по развитию,30 000,Резюме
Менеджеp пo автоматизации пpодаж,20 000,Резюме
Инженер телекоммуникаций,28 000,Резюме
Инженер пто/сдо,з/п не ук,Резюме
Менеджер по oптимизации бизнес-процессов,25 000,Резюме
Опытный бармен- классик,50 000,Резюме
Архитектор,з/п не ук,Резюме
Визажист,1 000,Резюме
Сметчик Составлю смету в тер ло,500,Резюме
Печатник обработчик,30 000,Вакансии
Водитель на Камаз,82 000,Вакансии
Главный бухгалтер,з/п не ук,Резюме
Водитель такси,35 000,Вакансии
Разнорабочий,40 000,Вакансии
Требуется мерченайзер - грузчик м. Академическая,25 000,Вакансии
Требуются отделочники,60 000,Вакансии
Разнорабочие,30 000,Вакансии
Репетитор английского или немецкого языка,500,Резюме
Кассир,23 000,Резюме
Администратор ресторана,28 000,Вакансии
"Помощник нотариуса, юриста, руководителя",25 000,Резюме
Специалист по строительству деревянных домов,40 000,Резюме
"Требуется прораб, начальник участка",50 000,Вакансии
"Водитель, личный водитель или офисный",35 000,Резюме
"Дизайнер, печатник, печати и штампы (лазер)",35 000,Резюме
"Начальник автоколонны - механик, мастер ремзоны",з/п не ук,Резюме
"Администратор, помощник, ассистент",35 000,Резюме
Начальник отдела оплаты труда,з/п не ук,Резюме
Перевозки,з/п не ук,Резюме
Технический директор/Руководитель проектов,75 000,Резюме
Водитель на личном грузовом автомобиле,600,Резюме
Продавец-консультант по продажам гаджетов,45 000,Вакансии
Водитель на своем грузовом автомобиле,600,Резюме
Парикмахер в салон красоты,з/п не ук,Вакансии
Охранник вахта,2 000,Резюме
Торговый представитель,50 000,Вакансии
Бухгалтер,5 000,Резюме
Администратор-бармен-кассир,27 000,Резюме
"Мерчендайзер, официант",30 000,Резюме
Грузчик,29 000,Вакансии
"Агент по недвижимости (обучение, клиентов много)",150 000,Вакансии
Парикмахер-универсал,40 000,Резюме
Бармен,23 000,Вакансии
Повар холодного цеха,27 000,Вакансии
Менеджер по логистики,40 000,Вакансии
Агент по недвижимости,55 000,Вакансии
Продавец - консультант зоотоваров,25 000,Вакансии
Управляющий,60 000,Вакансии
"Продавец-логист, все районы города",27 720,Вакансии
Частный детский сад/детский центр,500,Резюме
"Фасадчики, штукатуры-маляры на мокрый фасад",50 000,Вакансии
Рабочие на стройку,1 500,Вакансии
"Логист, диспетчер, водитель",з/п не ук,Резюме
"Техник-электрик, электрик",30 000,Резюме
"Педагог песочной анимации- психолог, арт-терапевт",20 000,Вакансии
Продавец-дизайнер,25 000,Вакансии
Менеджер по продажам,50 000,Вакансии
Воспитатель в Частный детский сад,35 000,Вакансии
"Полировка, резка, производство, установки памятник",з/п не ук,Резюме
"Видеомонтажер, выпускающий оператор эфира",з/п не ук,Резюме
Водитель штабелера,30 000,Вакансии
Монтажник сантехнического оборудования,1 500,Вакансии
Официант,30 000,Вакансии
Со стабильным окладом,з/п не ук,Резюме
Менеджер по развитию и рекламе,39 000,Резюме
"Менеджер по персоналу, инспектор по кадрам",35 000,Резюме
Оператор пк,25 000,Резюме
Мерчандайзинг,27 000,Резюме
Продавец-консультант,20 000,Резюме
Продавец-консультант с ежедневными выплатами,27 000,Резюме
Ищу работу,з/п не ук,Резюме
Требуется уборщица (подработка),1 000,Вакансии
Слесарь -сантехник,35 000,Вакансии
Кровельщик,,Резюме
Сварщик-сантехник,45 000,Вакансии
Продавец - консультант,27 000,Резюме
Бухгалтер,з/п не ук,Резюме
Мытьё окон,з/п не ук,Резюме
Требуется строительный персонал / рабочие,1 700,Вакансии
Инженер пто,40 000,Резюме
Уборщица на неполный день,з/п не ук,Резюме
Помощник бухгалтера/экономиста,з/п не ук,Резюме
Воспитатель и помощник воспитателя,25 000,Вакансии
Управляющий,з/п не ук,Резюме
Менеджер-Дизайнер в рекл-производственную компанию,25 000,Вакансии
Закройщик на пресс,40 000,Вакансии
Продавец-консультант в салон часов,20 000,Вакансии
"Начальник участка, инженер по автоматизации",з/п не ук,Резюме
"Кассир-продавец с обучением, м. Автово, Нарвская",31 680,Вакансии
Горничная в гостиницу,22 500,Вакансии
Ремонт под ключ,з/п не ук,Резюме
Диспетчер транспортного отдела,23 000,Вакансии
Сварщик,55 000,Вакансии
Менеджер в отдел доставки,45 000,Вакансии
Тонировщик. винильщик,50 000,Резюме
Мойщица,1 000,Вакансии
Ищу работу официантом,10 000,Резюме
"Водитель-телохранитель, Начальник гбр",60 000,Резюме
Персональный водитель,з/п не ук,Резюме
Автослесарь автомеханик по ремонту BMW,75 000,Вакансии
Водитель такси на автомобиль компании,60 000,Вакансии
Водитель со своим легковым автомобилем,60 000,Резюме
Экономист,з/п не ук,Резюме
"Менеджер, рекламатор, администратор",38 000,Резюме
Менеджер,30 000,Резюме
Администратор,28 000,Резюме
Сборщик мебели,35 000,Вакансии
Маркировщик,30 000,Резюме
Юрист,з/п не ук,Резюме
Требуются строители,50 000,Вакансии
Распиловщик - 1 номер,35 000,Вакансии
Сборщик,24 000,Вакансии
"Логист, парнер в логистику",з/п не ук,Резюме
Дополнительная работа,з/п не ук,Резюме
Промоутер,з/п не ук,Вакансии
Монтажник металлоизделий,30 000,Вакансии
Требуется семейная пара в загородный дом,60 000,Вакансии
Продавец разливного пива выходного дня,25 000,Вакансии
Машинист экскаватора гусеничного,40 000,Резюме
Маляр металлоконструкций,1 500,Вакансии
Продавец,1 200,Резюме
"Предрейсовые, послерейсовые осмотры водителей",з/п не ук,Резюме
"Начальник участка, технический надзор",з/п не ук,Резюме
Уборщик/уборщица,36 000,Вакансии
Подсобник электромонтажных работ монтажник,40 000,Вакансии
Продавец,20 000,Вакансии
"Сборщик мебели, изготовление и установка",40 000,Вакансии
Бухгалтер,5 000,Резюме
Потсобник,1 500,Резюме
Требуются Монтажники окон и дверей,84 000,Вакансии
Ищу работу,25 000,Резюме
Охранник,з/п не ук,Резюме
Сварщик,3 000,Резюме
Менеджер по продаже строительных материалов,65 000,Вакансии
Требуется уборщица (Банк) М. Электросила,22 000,Вакансии
Бухгалтер удаленно опыт работы 20 лет,10 000,Резюме
Водитель на легковой автомобиль,35 000,Резюме
Требуется реставратор по коже,30 000,Вакансии
"Продавец (бусины/фурнитура, бижутерия). 3 вакансии",25 000,Вакансии
Кровельщик (мягкая и жесткая кровля),67 000,Вакансии
Требуется уборщица,5 000,Вакансии
"Укладчик, Упаковщик, фасовщица, оператор",20 000,Резюме
Водитель,з/п не ук,Резюме
Машинист экскаватора погрузчика,300,Резюме
Продавец,35 000,Вакансии
Водитель,300,Резюме
Ищу работу,1 000,Резюме
Уборщица,27 000,Вакансии
Помощник косметолога,30 000,Вакансии
Водитель,2 000,Резюме
Кассир метро Девяткино,20 000,Вакансии
Бульдозерист,з/п не ук,Вакансии
Прораб дорожного строительства,з/п не ук,Резюме
"Бригадир, монтажник систем вентиляции и кондиц",60 000,Резюме
Водитель,33 000,Резюме
Инженер,30 000,Резюме
Специалист по контекстной рекламе / Директолог,30 000,Вакансии
"Зам. гл. бухгалтера, гл. бухгалтер на бюджет. учет",45 000,Резюме
Ищу подработку,з/п не ук,Резюме
Товаровед в алкогольные отделы в Славянке,45 000,Вакансии
Муж на час/ ремонт,з/п не ук,Резюме
Подработка Электросварщиком,45 000,Резюме
Ищу подработку,з/п не ук,Резюме
Мерчандайзер (стационарный),36 000,Вакансии
Упаковщик(ца),43 000,Вакансии
Интересную хорошую работу в дружном коллективе,30 000,Резюме
Грузчики (для работы в бригаду),48 000,Вакансии
Автомаляр кузовшик грузовой сервис,з/п не ук,Вакансии
Уборщица офиса,15 000,Резюме
Менеджер,28 000,Резюме
Техник,з/п не ук,Резюме
Дорожные Рабочие. Вахта,120 000,Вакансии
"Инженер, механик, водитель",з/п не ук,Резюме
"Электромонтёр на совмещение, подработку",15 000,Резюме
Пекарь по Булочкам,30 000,Вакансии
Повар,37 000,Вакансии
Кладовщик в ресторан,25 000,Вакансии
Помбур,500,Резюме
Ищу работу охранником,з/п не ук,Резюме
Бухгалтер,з/п не ук,Резюме
Упаковщик/ца,38 000,Вакансии
"Арборист, валка аварийных и угрожающих деревьев",1 000,Резюме
Продавец-консультант,з/п не ук,Вакансии
Коммерческий директор,35 000,Резюме
Инженер-конструктор,30 000,Вакансии
Инженер-проектировщик,35 000,Резюме
"Администратор, Кассир",25 000,Резюме
Требуется продавец -кассир м. Черная речка,25 000,Вакансии
Менеджер по продажам,з/п не ук,Вакансии
Мойщица,25 000,Вакансии
Менеджер по транспорту/логист,33 000,Резюме
Флорист,30 000,Резюме
Охранник на стройплощадку,30 000,Вакансии
Продавец торгового зала (одежда) г. спб,25 000,Вакансии
Оператор на телефон,з/п не ук,Резюме
Парикмахер - универсал,36 000,Вакансии
"Программист PHP, web-мастер",28 000,Вакансии
"Офис-менеджер, менеджер по персоналу",33 000,Резюме
Требуются охранники,35 000,Вакансии
"Мастер по ремонту телефонов, планшетов Apple",50 000,Вакансии
Грузчик,24 000,Вакансии
Менеджер по снабжению. Снабженец,40 000,Резюме
Охрана в клуб,32 000,Вакансии
Кладовщик/Администратор склада,74 000,Вакансии
Водитель на контейнеровоз iveco,з/п не ук,Вакансии
Упаковщики,37 000,Вакансии
Визажист. Мастер по моделированию бровей,30 000,Резюме
Обивщик мягкой мебели,45 000,Вакансии
Администратор- кассир,20 000,Вакансии
Водитель на своём микроавтобусе,400,Резюме
Торговый представитель-маркетолог,50 000,Вакансии
Водитель кат В,40 000,Резюме
Менеджер по перевозкам,35 000,Резюме
Курьер(подработка),350,Резюме
Водитель погрузчика,50 000,Резюме
Водитель В,з/п не ук,Резюме
Музыкальная группа в ресторан,6 000,Резюме
Стационарный мерчендайзер,25 000,Резюме
Требуются водители на легковые автомобили,40 000,Вакансии
Инженер по технадзору,55 000,Резюме
Оператор-наладчик поточно-автоматической линии,30 000,Вакансии
Водитель,з/п не ук,Резюме
Распиловщик и сборщик мебели,30 000,Вакансии
Водитель кат. вс,з/п не ук,Резюме
Газоэлектросварщик,30 000,Вакансии
Водитель погрузчика,27 000,Вакансии
Курьер,20 000,Вакансии
Логопед,800,Резюме
Повар,1 500,Резюме
"Учитель, репетитор, редактор, корректор, журналист",10 000,Резюме
Повар/Пекарь,26 000,Вакансии
Врач гериатр пансионатов для пожилых,50 000,Резюме
Исполнительный директор,70 000,Резюме
Продавец-консультант в зоомагазин,25 000,Вакансии
Главный бухгалтер,10 000,Резюме
Сортировщица,26 000,Вакансии
Комплектовщик,28 000,Вакансии
Повар-кассир с обучением,42 000,Вакансии
Сортировщица фрагментов,25 000,Вакансии
Ремонт жилых помещении,з/п не ук,Резюме
Грузчик на пивоваренный завод,27 000,Вакансии
Кассир повар в ресторан русской кухни,38 000,Вакансии
Кассир блинопёк,41 000,Вакансии
Программист стажер 1С,100,Резюме
"Охранник ""media-markt"" в тц ""Мега Дыбенко""",30 000,Вакансии
Упаковщики,30 000,Вакансии
Складской рабочий. м. купчино пос. шушары,28 000,Вакансии
Сборщик заказов молодежной одежды,25 000,Вакансии
Администратор гостиницы,з/п не ук,Вакансии
Инженер по организации и управлению на транспорте,з/п не ук,Резюме
Мастер ногтевого сервиса,з/п не ук,Резюме
Мерчендайзер,33 000,Вакансии
Гипрочник плиточник,з/п не ук,Резюме
Курьер,20 000,Резюме
Охранник в элитные Таун Хаусы сутки Удельная,35 000,Вакансии
Машинист башенного крана,30 000,Резюме
"Ведущий бухгалтер, бухгалтер",45 000,Резюме
Требуется продавец в салон связи,30 000,Вакансии
"Шеф-повар, старший повар, повар-унивирсал",з/п не ук,Резюме
Помощник руководителя,15 000,Резюме
Водитель,3 500,Резюме
Монтажники металлоконструкций ограждающих,55 000,Вакансии
Автомеханик,30 000,Вакансии
"Кладовщик, Комплектовщик, Экспедитор(нет прав) итд",27 000,Резюме
Руководитель электромонтажных работ,60 000,Резюме
Ищу работу на неполный рабочий день,20 000,Резюме
"Няня, воспитатель",250,Резюме
"Педагог по математике, репетитор",з/п не ук,Резюме
Менеджер по продажам,40 000,Вакансии
Продавец-кассир,26 500,Вакансии
Системный администратор (Совмещение / Приходящим),3 000,Резюме
"Помощник юриста, адвоката, юрисконсульта",з/п не ук,Резюме
Рабочий на склад/Наладчик оборудования,65 600,Вакансии
"Помощник, администратор, работа на пк, 1С",28 000,Резюме
Сварщик,999,Резюме
Водитель легкового автомобиля,31 000,Вакансии
Переводчик,50 000,Резюме
Рабочий на вентилируемый фасад,з/п не ук,Резюме
"Оператор пк, документовед, менеджер",22 000,Резюме
Уборщица,45 000,Вакансии
Водитель на личном авто,з/п не ук,Резюме
Сушист / повар гор. цеха,29 000,Вакансии
"Швея, портная по ремонту одежды. м. пл. Мужества",33 000,Вакансии
Подработка на личном авто,з/п не ук,Резюме
Монтажник пвх конструкций,з/п не ук,Резюме
Уборщица утренняя,з/п не ук,Резюме
Администратор,з/п не ук,Резюме
Газорезчик. Металлолом,2 000,Резюме
Водитель с личным авто 1.5 тонн,з/п не ук,Резюме
"Сиделка, домработница, няня",30 000,Резюме
Преподаватель,25 000,Резюме
Продавец выходного дня,15 000,Резюме
Рабочий,25 000,Резюме
Помощиник руководителя,30 000,Резюме
Ищу работу,50 000,Резюме
Любую работу,30 000,Резюме
Комплектовщик заказов,70 000,Вакансии
Косметолог салона красоты,45 000,Резюме
В пойсках работы на станций технического обслужива,з/п не ук,Резюме
"Грузчик, разнорабочий",25 000,Вакансии
Монтаж кондиционера,750,Резюме
Повар посудомойка,з/п не ук,Резюме
Начинающий фотограф ищет не постоянную работу,з/п не ук,Резюме
Парикмахер стилист визажист,45 000,Резюме
Специалист по документообороту,40 000,Резюме
Сантехник по эксплуатации жилова фонда,2 000,Резюме
Мастер маникюрного сервиса,50 000,Резюме
Мастер маникюра,35 000,Резюме
Продавец-администратор,20 000,Резюме
Учитель начальных классов/ коррекционный педагог,з/п не ук,Резюме
Мастер,з/п не ук,Резюме
Закройщик-раскройщик,з/п не ук,Резюме
Расклейка объявлений ежедневные выплаты,40 000,Вакансии
Требуется водитель на самосвал камаз 6520,50 000,Вакансии
Мастер наращивание и декорирование ресниц,1 500,Резюме
Требуется продавец в магазин одежды,18 000,Вакансии
Администратор автомойки,25 000,Резюме
Водитель на личном грузовом транспорте,1 000,Резюме
Водитель на своём фургоне до1.5т,з/п не ук,Резюме
Отделка моп,60 000,Вакансии
Сменный администратор в кафе,22 000,Вакансии
Повар горячего цеха,30 000,Вакансии
Официант,з/п не ук,Вакансии
"Диспетчер пдо, оператор пк, менеджер",30 000,Резюме
Фасовщик (комплектовщик),50 000,Вакансии
Любая,23 000,Резюме
Главный бухгалтер,з/п не ук,Резюме
Кровельщик (мягкая кровля),50 000,Резюме
"Юрист, юрисконсульт",35 000,Резюме
Менеджер по продажам и работе с клиентами,з/п не ук,Резюме
Электрогазосварщик,50 000,Резюме
Администратор,35 000,Резюме
Рекламщик,з/п не ук,Вакансии
Монтажник натяжных потолков,3 000,Резюме
"Водитель, авто механик",з/п не ук,Резюме
Монтажник витражи остекление балконов жилищка,50 000,Вакансии
Продавец - консультант,25 000,Резюме
Водитель на своем авто,з/п не ук,Резюме
Сантехник,40 000,Резюме
"Начальник отдела логистики, ведущий специалист",40 000,Резюме
Монтажник алюминиевых витражей,100 000,Вакансии
"Преподаватель рисования, живописи",20 000,Резюме
Ищу работу,20 000,Резюме
Маляр,з/п не ук,Резюме
Сварщик,32 000,Вакансии
"Гос. служба, иные вакансии из сферы юриспруденции",30 000,Резюме
Приглашаем на работу парикмахера-универсала,з/п не ук,Вакансии
"Помощник, администратор, менеджер",45 000,Резюме
Бухгалтер-экономист,60 000,Резюме
"Водитель, водитель-экспедитор на своём микроавт",50 000,Резюме
Требуются Тренера,10 000,Вакансии
Менеджер по работе с клиентами,30 000,Резюме
Требуются отделочники,100 000,Вакансии
Личный водитель,50 000,Вакансии
Монтажник рэа,з/п не ук,Резюме
Водитель,з/п не ук,Резюме
Рабочие профессионалы,1 500,Резюме
Сборшик мебели,35 000,Резюме
Столяр сборщик (радиусные шкафы и перегородки),45 000,Вакансии
Водитель кат В,30 000,Резюме
Водителем кат B,з/п не ук,Резюме
Каменщик,50 000,Резюме
Водитель кат. В,70 000,Резюме
Оператор аттракциона виртуальной реальности,750,Вакансии
Бухгалтер,30 000,Резюме
Руководитель коммерческого отдела,70 000,Резюме
Системный администратор,70 000,Резюме
"Водитель, водитель-экспедитор",з/п не ук,Резюме
Подработка,з/п не ук,Резюме
Аналитик/Трейдер,30 000,Резюме
Офисная работа,з/п не ук,Резюме
Ищу работу официанткой в небольшое кафе,25 000,Резюме
Водитель экспедитор,1 000,Резюме
Охранник,з/п не ук,Резюме
Работа мигрантам уборщиками в аэропорт,30 000,Вакансии
"Диспетчер, оператор",35 000,Резюме
Любая связанная с риском,з/п не ук,Резюме
Продавец - консультант зоотоваров,30 000,Вакансии
Ищу работу,з/п не ук,Резюме
Требуется распространитель листовок промоутер,1 500,Вакансии
Ищу работу,30 000,Резюме
Ищу работу суточная санитаркой,20 000,Резюме
"Офис менеджер, менеджер по персоналу",25 000,Резюме
Официант,з/п не ук,Резюме
Одесса,2 000,Резюме
Педагог-психолог,22 000,Резюме
Ваш личный бухгалтер (на дому),1 000,Резюме
Винильщик. Оклейщик. Специалист по стайлингу,50 000,Резюме
Автовинил. Оклейка. Винил,50 000,Резюме
Винильщик. Оклейщик. Специалист по стайлингу. Вини,5 000,Резюме
Врач стоматолог ортопед,з/п не ук,Резюме
Винильщик. Оклейщик. Специалист по стайлингу. Вини,50 000,Резюме
"Подборщик персонала, администратор, менеджер",50 000,Резюме
"Водитель, тракторист, охранник-сезонную до 1 мая",з/п не ук,Резюме
Переводчик,з/п не ук,Резюме
Менеджер по работе с партнёрами,40 000,Резюме
Уборка квартиры,2 000,Резюме
Требуется управляющий хостелом/гостиницей,з/п не ук,Вакансии
"Бригады фасадчиков, вентилируемый фасад, фасады",800,Резюме
"Главный инженер, Главный энергетик",3 500,Резюме
Мастер по ремонту телефонов и планшетов,25 000,Вакансии
"Бар-менеджер, бар-менеджер сети, Бармен",60 000,Резюме
Электрики,555,Резюме
"Работник в сфере клининга, уборки",30 000,Резюме
Штукатур-маляр,45 000,Вакансии
Автомойщик,з/п не ук,Резюме
"Хостес, бармен, официант",30 000,Резюме
Автомойщица,з/п не ук,Резюме
Работа на дому,15 000,Резюме
Компаньён,5 000,Резюме
Повар-универсал,45 000,Вакансии
Помощник по хозяству,35 000,Резюме
Горничная (неполный день),15 000,Резюме
"Горничная, администратор и официант на завтраки в",30 000,Резюме
Начальник производства / Руководитель,80 000,Резюме
Официант,25 000,Вакансии
Помощник руководителя,30 000,Резюме
Администратор,25 000,Резюме
"Кадастровый инженер, юрист",10 000,Резюме
"Плиточник, гипрочник",з/п не ук,Резюме
Раздача листововок,400,Вакансии
Ремонты,з/п не ук,Резюме
Водитель,15 000,Резюме
Машинист гусеничного крана,з/п не ук,Резюме
"Юрист, юристконсульт, помощник юриста",30 000,Резюме
Копирайтер (работа с текстами),25 000,Резюме
Инженер,25 000,Резюме
Садовник,3 000,Резюме
Полусухая стяжка,70 000,Резюме
"Продавец-консультант, администратор, грузчик",22 000,Резюме
Уборщица,з/п не ук,Резюме
Специалист в области стратегии безопасности бизнес,100 000,Резюме
Ищу подработку,з/п не ук,Резюме
Оператор минилаба noritsu,,Вакансии
Специалист в области стратегии безопасности бизнес,100 000,Резюме
Промоутер с громкоговорителем,400,Резюме
Контент-менеджер,20 000,Резюме
Сервисный инженер,10 000,Резюме
Охраник,27 000,Резюме
"Преподаватель английского, переводчик",50 000,Резюме
"Техник-теплотехник, машинист, инженер, энергетик",з/п не ук,Резюме
Курьер,20 000,Резюме
Подработка,35 000,Резюме
Руководитель(директор),35 000,Резюме
Работа совместимая с учебой,з/п не ук,Резюме
Водитель,з/п не ук,Резюме
"Автомоляр, автослесарь, бригадир, сварщик, помошни",45 000,Резюме
"Электрик, электромонтажник, электрик на час, элект",500,Резюме
Благоустройство,1 000 000,Резюме
"Сварщик, водитель, тракторист",з/п не ук,Резюме
Ищу дневную работу с 10 до 18,20 000,Резюме
Курьер. Курьер со своим авто,25 000,Резюме
Переводчик паспорт,45 000,Резюме
Администратор в стоматологию,60 000,Резюме
Ищу парикмахера. Парикмахер керак,з/п не ук,Резюме
"Автомоляр, сварщик, бригадир, помошник",45 000,Резюме
"Директор магазина, управляющий, администратор",50 000,Резюме
Ищу работу,18 000,Резюме
Менеджер по работе с клиентами,30 000,Резюме
"Грузчики, маркировщики, комплектовщики",45 000,Вакансии
Грузоперевозки фургон,700,Резюме
Любая,100 000,Резюме
"Грузоперевозки с манипулятором, бортовой, фургон",1 000,Резюме
"Грузоперевозки с манипулятором, бортовой, фургон",з/п не ук,Резюме
Грузоперевозки,з/п не ук,Резюме
"Желаемых должностей много, рассмотрю предложения",25 000,Резюме
Разнорабочий,30 000,Вакансии
Ищу Работу,20 000,Резюме
Коммерсант,15 000,Резюме
Администратор салона красоты,35 000,Вакансии
Менеджер,28 000,Резюме
Официант,з/п не ук,Вакансии
Главный бухгалтер,з/п не ук,Резюме
Инженер,40 000,Резюме
Водитель со своим грузовым авто 7тонн,1 000,Резюме
Бухгалтер,10 000,Резюме
Помощник руководителя,25 000,Резюме
"Подсобник, ученик, разнорабочий",1 500,Резюме
Отделочник,100,Резюме
Кассир в ночь,25 000,Резюме
"Режиссер постановщик праздников, ведущая, актриса",30 000,Резюме
Администратор,14 000,Резюме
Бригада кровельщиков (мягкая кровля) ищет работу,100,Резюме
Сайдинг,з/п не ук,Резюме
"Референт, помощник руководителя",з/п не ук,Резюме
Кальянщик,20 000,Вакансии
"Электрик, электромонтажник",з/п не ук,Резюме
"Установка дверей, окон, отделка откосов",з/п не ук,Резюме
Менеджер,35 000,Резюме
Менеджер по работе с клиентами,50 000,Резюме
"Корректор, журналист",з/п не ук,Резюме
Ищу работу бухгалтера ос И тмц,з/п не ук,Резюме
Парикмахер,з/п не ук,Резюме
Помощник бухгалтера- бухгалтер,з/п не ук,Резюме
"Работа в сфере кино, видео и звука",30 000,Резюме
Ищу работу,з/п не ук,Резюме
Требуется повар г/ц,30 000,Вакансии
Помощник инженера,з/п не ук,Резюме
Водитель кат. B,з/п не ук,Резюме
"Водитель кат. В., Вахта. Приём иногородних",95 000,Вакансии
Личный водитель,60 000,Резюме
Специалист call-центра,30 000,Вакансии
"Оператор пк, Оператор. С, Помощник бухгалтера",25 000,Резюме
Строительство и ремонт,з/п не ук,Резюме
Главный бухгалтер,з/п не ук,Резюме
Электрики,з/п не ук,Резюме
Репетитор по школьным предметам,300,Резюме
Водитель кат В С,з/п не ук,Резюме
"Методист, заведующий, администратор",з/п не ук,Резюме
Водитель,1 000,Резюме
Ищу работу,28 000,Резюме
Ищу подработку,з/п не ук,Резюме
Не определена,з/п не ук,Резюме
Руководитель отдела продаж,60 000,Вакансии
Любая работа,2 000,Резюме
Грузчик в мувинговую компанию,з/п не ук,Вакансии
Сотрудник сб,з/п не ук,Резюме
Ищу работу,30 000,Резюме
Водитель,з/п не ук,Резюме
Системный администратор,28 000,Резюме
Переводчик английского языка,40 000,Резюме
Сварщик. слесарь,40 000,Резюме
Педагог-воспитатель в частный детский клуб,30 000,Вакансии
Сборщик ответственных кухонь на адресах,12 345,Резюме
Менеджер по продажам/Супервайзер,60 000,Резюме
Системный администратор (можно помощник),з/п не ук,Резюме
Ветиринар,з/п не ук,Резюме
Вентиляция и кондиционирование,з/п не ук,Резюме
Водитель,45 000,Резюме
Cрочно ищу подработку водителем В С Е,5 000,Резюме
"Требуется водитель экспедитор категории ""В""",40 000,Вакансии
Рабочий,з/п не ук,Резюме
Ищу ищу ищу,25 000,Резюме
Водитель дальнобойщик,70 000,Резюме
Водитель категория В,30 000,Резюме
"Слесарь-инструментальщик, слесарь мср",35 000,Резюме
Инженер по снабжению,50 000,Резюме
"Прораб. реконструкция, реставрация",45 000,Вакансии
"Маляр, отделочник",3 000,Резюме
Секретарь/ Личный помощник,40 000,Резюме
"Разнорабочие, подсобники",150,Вакансии
Водитель-экспедитор,з/п не ук,Резюме
Каменщик,1 200,Вакансии
Кладовщик интернет магазина,800,Вакансии
Оператор call-центра,30 000,Резюме
Промоутер,з/п не ук,Резюме
Мастера ремонтных работ,34 000,Вакансии
Сиделка на полный рабочий день,з/п не ук,Резюме
"Риэлтор, помощник психолога",20 000,Резюме
Кладовщик,35 000,Резюме
Повар унверсал,1 800,Резюме
Администратор,30 000,Резюме
Нянечка,з/п не ук,Резюме
Педагог-психолог,20 000,Резюме
Сборщик рекламных конструкций,з/п не ук,Резюме
Автомаляр,50 000,Резюме
Наладчик промоборудования,з/п не ук,Резюме
"Админинстратор, кассир",45 000,Резюме
Электрогазосварщик,40 000,Резюме
Охранник без лицензии,30 000,Резюме
Дизайнер-продавец-консультант,35 000,Резюме
"Повар, пом. повара",з/п не ук,Резюме
Ищу работу В охране с ежедневно выпл,170,Резюме
Парикмахер Универсал,з/п не ук,Резюме
Разработка участков,з/п не ук,Резюме
Фотограф,з/п не ук,Резюме
Ищу объекты. Строительство инженерных сетей,з/п не ук,Резюме
Ищу работу водителем на своем или Вашем авто,з/п не ук,Резюме
Мойщица,22 000,Резюме
Трудяга,з/п не ук,Резюме
HR-менеджер,70 000,Резюме
Администратор,21 000,Резюме
"Заместитель директора, Товаровед, Кассир операцион",45 000,Резюме
Электромонтер связи,15 000,Резюме
Ищу работу/подработку,з/п не ук,Резюме
Мастер маникюра и педикюра,з/п не ук,Вакансии
Парикмахер-универсал,2 000,Вакансии
Водитель кат. в,35 000,Резюме
"Администратор, горничная",23 000,Резюме
Водитель со сваим микроавтобусом,з/п не ук,Резюме
Фасовщик-укладчик-комплектовщик,2 500,Вакансии
"Генеральный, исполнительный, коммерческий директор",з/п не ук,Резюме
"Визажист, Мастер по наращ. волос, администратор",30 000,Резюме
Работа моделью,з/п не ук,Резюме
Водитель,40 000,Резюме
Мойка посуды или уборка,1 000,Резюме
Бухгалтер удаленно,з/п не ук,Резюме
Инженер пто / сметчик,з/п не ук,Резюме
Няня,з/п не ук,Резюме
Требуется машинист,50 000,Вакансии
Руководитель отдела качества,80 000,Резюме
Водитель,з/п не ук,Резюме
"Администратор, секретарь-референт, массажист, любу",35 000,Резюме
Администратор,23 000,Резюме
Вокалистка,з/п не ук,Резюме
Водитель на авто работодателя или со своим авто,50 000,Резюме
Перегоню ваш автомобиль,13,Резюме
Продавец-консультант мобильных акссесуаров,30 000,Вакансии
"Стропальщик, разнорабочий",з/п не ук,Резюме
Программист,25 000,Резюме
Повар,40 000,Резюме
Агент по привлечению клиентов в юридическую фирму,з/п не ук,Вакансии
"Снабженец, Менеджер отдела закупок",35 000,Резюме
На долго,30 000,Резюме
Подработка,1 500,Резюме
На один два дня,2 500,Резюме
Бригада строителей ищет работу от 3 до 8ч (рус),37 000,Резюме
Администратор 7 d кино,800,Вакансии
"Уборщица, дворник",з/п не ук,Резюме
Маляр-штукатур шлифовка плитка,50 000,Резюме
"Руководитель проекта, главный инженер",80 000,Резюме
Начальник отдела кадров/зам. начальника ок,35 000,Резюме
Художник-дизайнер,30 000,Резюме
"Кузовщик, маляр",80 000,Вакансии
"Офис-менеджер, секретарь",30 000,Резюме
Заместитель Директора Магазина,45 000,Резюме
"Водитель - универсал, семейный, персональный bcde",з/п не ук,Резюме
Мойщики на автомойку,35 000,Вакансии
Уборщица,15 000,Вакансии
"Строительный работник, грузчик",150,Резюме
Инженер-проектировщик кж,35 000,Резюме
"Ищу подработку, халтуру",з/п не ук,Резюме
Ищу работу,25 000,Резюме
Открыта вакансия флорист,1 000,Вакансии
Ищу работу на ночные смены,17 000,Резюме
Подработка,10 000,Резюме
Ищу работу,25 000,Резюме
Ищу любую работу в вечернее или ночьное время,25 000,Резюме
Менеджер HR / Менеджер по персоналу,10 000,Вакансии
Менеджер,25 000,Резюме
Облицовщик - Кафельщик,500,Резюме
Водитель категории б,35 000,Резюме
Машинист экскаватора-погрузчика,50 000,Вакансии
Инженер-лаборант,40 000,Резюме
Менеджер по продажам строящейся недвижимости,80 000,Вакансии
Монтахник винтовых свай,1 000,Резюме
"Продавец-консультант, кассир",з/п не ук,Резюме
Ищу халтуру с ежедневной оплатой,з/п не ук,Резюме
"Офис-менеджер, работа с документами",25 000,Резюме
Офис-менеджер,20 000,Резюме
"Водитель со своим рефрижератором 2.5 тонны, 12 м3",500,Резюме
Проектировщик слаботочных систем и сетей,з/п не ук,Резюме
Электромантер,45 000,Резюме
Экспедитор,40 000,Резюме
Менеджер по персоналу,25 000,Резюме
Водитель категории В,з/п не ук,Вакансии
Желательно по образованию,50 000,Резюме
"Юрист, банкротные дела",50 000,Вакансии
Архитектор-проектировщик,9 999,Резюме
Логист,45 000,Резюме
Медрегистратор,20 000,Резюме
Повар универсал,з/п не ук,Резюме
Ремонтник,20 000,Резюме
"Юрист, юрисконсульт",45 000,Резюме
Ищу работу,25 000,Резюме
Продавец,20 000,Вакансии
"Главный механик, начальник транспортного отдела",50 000,Резюме
"Автомеханик, автослесарь",50 000,Вакансии
Рассмотрю любые варианты,15 000,Резюме
Фотограф,з/п не ук,Резюме
Менеджер по продажам образования и туризма,30 000,Вакансии
Мойщица посуды-уборщица,22 000,Вакансии
Ищу подработку в свободное время,з/п не ук,Резюме
Активный промоутер на постоянной основе,150,Резюме
Ущу работу,1 000,Резюме
Сварщик 4 разряда,60 000,Резюме
Мойщица посуды,з/п не ук,Вакансии
"Ищу халтуру, подработку, оплата сразу, есть напарн",з/п не ук,Резюме
Повар горячего цеха,35 000,Вакансии
Специалист по тендерам,30 000,Резюме
Ищу водителя категории Е,45 000,Резюме
Работник-комплектовщик (вахта) (Санкт-Петербург),53 000,Вакансии
Художник,5 000,Резюме
Технолог по разработке кондитерской продукции,з/п не ук,Вакансии
Мастер маникюра и педикюра,з/п не ук,Резюме
Помощник руководителя отдела продаж,36 000,Вакансии
"Ищу работу. Курьер, официант, промоутер и др",20 000,Резюме
Продавец - консультант,25 000,Резюме
Менеджер отдела продаж,30 000,Вакансии
Сварщик,50 000,Вакансии
Администратор,20 000,Вакансии
Инженер-проектировщик Генерального плана,з/п не ук,Резюме
Экспедитор грузчик кладавщик,30 000,Резюме
Менеджер по продажам автомобилей,50 000,Вакансии
Репетитор по английскому и итальянскому языку,300,Резюме
Инженер-конструктор,50 000,Резюме
Повар гор. цеха,30 000,Вакансии
Официант (ка),30 000,Вакансии
Компьютерный мастер,25 000,Вакансии
Работа на дому в любой сфере,10 000,Резюме
Ищу работу,з/п не ук,Резюме
Офис-менеджер,25 000,Резюме
Ищу работу,30 000,Резюме
Специалист,з/п не ук,Резюме
"Охрана соправождения грузов, магазинов и т. д",з/п не ук,Резюме
Автомойщик(ца) (специалист(ка) по уходу за авто),35 000,Вакансии
"Переводчик, преподаватель англ. яз., продавец",20 000,Резюме
Продавец-кассир (Санкт-Петербург),20 000,Вакансии
"Главный бухгалтер, бухгалтер",з/п не ук,Резюме
Работа юристом по совместительству,з/п не ук,Резюме
Любая работа,з/п не ук,Резюме
Работник,з/п не ук,Резюме
Подработка с графиком2/2,з/п не ук,Резюме
Главный бухгалтер,12 000,Резюме
Архитектор-дизайнер,25 000,Резюме
Мастер универсал,100 000,Резюме
Мастер маникюра и педикюра,з/п не ук,Резюме
Бармен,25 000,Вакансии
Требуются грузчики,27 000,Вакансии
Переводчик английского языка,20 000,Резюме
Требеются мойщицы в столовую,1 000,Вакансии
Водитель В С,37 000,Резюме
Требуются уборщик,20 000,Вакансии
Web-программист или Тестировщик,з/п не ук,Резюме
Сборщик,30 000,Вакансии
Сборщики триплексов,30 000,Вакансии
Монтажники окон пвх,40 000,Вакансии
Заведующий,50 000,Вакансии
Требуется санитарка (уборщица) в стоматологию,з/п не ук,Вакансии
Мойщица/пекарь/раздатчик,з/п не ук,Вакансии
Административная (администратор),з/п не ук,Резюме
Системный администратор,50 000,Резюме
Админ в салон красоты без опыта,27 000,Резюме
"Бухгалтер, помощник главного Бухгалтера",з/п не ук,Резюме
"Официант, кассир, консультант",25 000,Резюме
Оператор на телефон,40 000,Вакансии
"Грузчик, экспедитор, разнорабочий",1 200,Резюме
Администратор,40 000,Резюме
Офис-менеджер,19 000,Резюме
"Сотрудники в сеть кафе ""Русские Традиции""",з/п не ук,Вакансии
Английский Преподаватель,20 000,Резюме
Паркетчик,150,Резюме
Курьер,800,Вакансии
Менеджер по снабжению,39 000,Резюме
Менеджер по работе с клиентами / менеджер по прода,40 000,Вакансии
Агент по аренде недвижимости,з/п не ук,Резюме
Грузчик,1 500,Резюме
Работник,з/п не ук,Резюме
"Работа на дому, удалённая работа, подработка",10 000,Резюме
Требуется мастер по маникюру и педикюру,45 000,Вакансии
Ищу работу,з/п не ук,Резюме
Водитель с личным грузовым авто,з/п не ук,Резюме
"Прораб, старший прораб",50 000,Резюме
"Помощник товароведа, товаровед",з/п не ук,Резюме
Охранник,40 000,Резюме
"Грузчик, сборщик",з/п не ук,Резюме
Монтажник слаботочных систем,45 000,Вакансии
Кассир в гипермаркет г. Петергоф,1 200,Вакансии
Плотник,50 000,Вакансии
Оператор клининга (мобильная бригада),40 000,Вакансии
Инженер-сметчик,66 000,Резюме
Администратор,23 000,Резюме
Ищу работу,з/п не ук,Резюме
"Требуется продавец кассир, г Зеленогорск",30 000,Вакансии
"Продавец-консультант, менеджер по работе с клиент",30 000,Резюме
"Товаровед, Ювелир",50 000,Резюме
Секретарь,30 000,Резюме
Работа демонтаж,1 200,Вакансии
Администратор салона тайского массажа,23 000,Вакансии
Администратор в мини-отель,10 000,Вакансии
Требуется парикмахер в VIP салон красоты,55 000,Вакансии
Электрогазосварщик (аргонщик),80 000,Резюме
Кассир в г. Петродворец,25 000,Вакансии
Работа,50 000,Резюме
Продавец-консультант в магазин детской одежды,з/п не ук,Вакансии
Шиномонтажник,40 000,Вакансии
Водитель. Водитель электропогрузчика,30 000,Резюме
Подработка,1 500,Резюме
Подработка в вечернее время водителем,з/п не ук,Резюме
Сварщик волс,65 000,Резюме
Помощник сантехника,35 000,Резюме
Психолог. Менеджер по персоналу,25 000,Резюме
Специалист по спортивному питанию,18 000,Вакансии
Ищу работу с ежедневными выплатами,1 000,Резюме
Охрана безопасность,25,Резюме
Системный администратор,3 000,Резюме
"Преподаватель, Репетитор Английского Языка",25 000,Резюме
Продавец-повар/вахта (Санкт-Петербург),49 600,Вакансии
Подсобный рабочий,30 000,Вакансии
Продавец-кассир,з/п не ук,Резюме
"Водитель, стажер, помощник, монтажник",30 000,Резюме
Фриланс инженер-проектировщик,10 000,Резюме
Работники на лесопилку,45 000,Вакансии
Охранник в Бизнес Центр,30 000,Вакансии
Требуется сотрудник на условия свободного графика,45 000,Вакансии
Укладчик-упаковщик,38 000,Резюме
Дизайнер фрилансер,з/п не ук,Резюме
"Логистика, закупки, товароведение, планирование",1 000,Резюме
"Грузчик в магазин ""Детский мир"" г. Колпино",27 500,Вакансии
Дизайнер-конструктор по предметам интерьера,30 000,Вакансии
Ищу хорошую работу,1 000,Резюме
Техник,5 000,Резюме
Работа В subway,25 000,Вакансии
Продавец магазина Celio (тк Питер Ленд),25 000,Вакансии
Ищем халтуру на выходные,з/п не ук,Резюме
"Модератор, администратор групп в соц. сетях и т. д",10 000,Резюме
"Водитель в, с, е",з/п не ук,Резюме
"Администратор, продавец-консультант",30 000,Резюме
Менеджер по тендерам. аукционам. гос. заказу удал,з/п не ук,Резюме
Водитель на своём а/м,25 000,Резюме
Мытьё окон,500,Резюме
"Ищу работу заведующая, оператор 1С, SAP, товаровед",30 000,Резюме
Главный бухгалтер,з/п не ук,Резюме
Bcde,,Резюме
Продавец магазина Guess (Мега парнас),28 000,Вакансии
Водитель,25 000,Резюме
Репетитор по русскому языку,з/п не ук,Резюме
"Ищу работу оператор 1С, SAP, офис-менеджера",30 000,Резюме
"Монтажник (Электромонтажник, слаботочник, скс)",1 000,Резюме
"Юрист, юрисконсульт, помощник судьи",з/п не ук,Резюме
"Водитель категории С, Е",50 000,Вакансии
"Кинолог, охранник в инкассацию, охранник",40 000,Резюме
Демантаж,з/п не ук,Резюме
"Охранник, в инкассацию, опердеж., кинолог",40 000,Резюме
Продавец-консультант в тц Лиговъ,22 000,Вакансии
Машинист колесного экскаватора,250,Вакансии
"Менеджер по продаже окон, дверей, мебели",30 000,Резюме
Кадастровый инженер,з/п не ук,Вакансии
Повар-кассир/постоянная (Санкт-Петербург),28 000,Вакансии
Любая разовая работа,,Резюме
Инженер,25 000,Резюме
Инженер пто,з/п не ук,Вакансии
Демонтажник,68 000,Вакансии
Требуются сварщики,40 000,Вакансии
"Водитель ""С"" ""В"" ""Е""",72 000,Вакансии
Водитель на своем авторефрижераторе,з/п не ук,Резюме
Уборщицей,12 000,Резюме
Водитель с авто-реф,3 500,Резюме
Кассир,25 000,Резюме
Демонтажник разнорабочий,з/п не ук,Резюме
Разнорабочий (оператор станка),1 200,Вакансии
Помошник Бухгалтера,25 000,Резюме
Кассир на вечерние смены,15 000,Вакансии
Главный бухгалтер,з/п не ук,Резюме
"Работа в оптике, аптеке",25 000,Резюме
Водитель с личным авто газель,50 000,Резюме
Детский массажист,900,Резюме
Преподаватель музыкальной литературы,з/п не ук,Резюме
Администратор в салон красоты,20 000,Вакансии
Менеджер по продажам,70 000,Вакансии
"Кассир в тц ""Академ Парк""",25 000,Вакансии
Шеф повар,80 000,Вакансии
Водитель на своем авто,з/п не ук,Резюме
Монтаж слаботочных систем,30 000,Резюме
"Фотограф, администратор, менеджер",25 000,Резюме
Массажистка,31 000,Резюме
Кузнец художественной ковки,40 000,Вакансии
Продавец в пекарню,30 000,Вакансии
Бухгалтер на удаленную работу,5 000,Резюме
Охрана (вахта),1 600,Резюме
Бариста,22 500,Вакансии
Специалист отдела обработки данных,з/п не ук,Резюме
Монтажник-слаботочник,40 000,Вакансии
Бармен с опытом работы в клуб на (Ленинский 119),30 000,Вакансии
"Начальник охраны, старший смены охраны",35 000,Резюме
Бармены на контактную барную стойку (Ладожская),30 000,Вакансии
Менеджер,30 000,Резюме
"Требуется кассир сети ""Лента"" Пулковское ш",27 000,Вакансии
Водитель / курьер/ снабженец,37 200,Вакансии
Вахта 5/5.7/7,2 500,Резюме
Менеджер по персоналу,30 000,Резюме
Грузчик на месяц,4 800,Вакансии
Продавец-кассир,18 000,Вакансии
Каменщик 4 разряда,80 000,Резюме
Администратор,з/п не ук,Резюме
Мастер (помощник прораба),з/п не ук,Резюме
Ищу стабильную работу,40 000,Резюме
Преподаватель фортепиано. Концертмейстер,30 000,Резюме
Инженер связи (телекоммуникации) 210404,25 000,Резюме
"Учусь на заочном, хотелось бы работать по утрам",15 000,Резюме
Инспектор по качеству,25 000,Вакансии
Водитель с микроавтобусом 8 мест Хендай Старекс,з/п не ук,Резюме
Требуются повара европейской кухни унивирсалы,30 000,Вакансии
"Фотограф, ретушер, ассистент в фотостудию, курьер",з/п не ук,Резюме
Замерщик окон пвх,80 000,Вакансии
Рабочий по выходным,1 500,Резюме
"Художник, Преподаватель",з/п не ук,Резюме
Уборщица в кафе,20 000,Вакансии
Строитель,40 000,Резюме
Банковский специалист,30 000,Резюме
"Администратор, офис- менеджер, делопроизводитель",30 000,Резюме
Мойщица посуды,22 000,Вакансии
"Удалённая работа, работа на дому",з/п не ук,Резюме
Администратор,35 000,Резюме
Водитель кат. в,35 000,Резюме
Техник,з/п не ук,Резюме
Требуются расклейщики,30 000,Вакансии
Официант,25 000,Вакансии
Агент- поквартирные продажи,1 500,Вакансии
Специалист по кадровой работе (м. Ладожская),33 000,Вакансии
Продавец уклад шик,1 500,Резюме
Ищу работу водителя на своём микроавтобусе,з/п не ук,Резюме
"Мастер производств-ого участка, контролер отк",35 000,Резюме
Мастер по наращиванию волос,50 000,Вакансии
Водитель,з/п не ук,Резюме
Cторож,з/п не ук,Резюме
Педагог логопед (воспитатель),250,Резюме
Требуются водители на авто компании,65 000,Вакансии
Менеджер по туризму,20 000,Резюме
Водитель,45 000,Резюме
Мастер-приемщик сто,60 000,Вакансии
Врач стоматолог - ортопед/хирург,з/п не ук,Резюме
Работник,2 000,Резюме
Секретарь - референт,40 000,Резюме
Продавец - хозяюшка,18 000,Вакансии
"Бухгалтер, помощник бухгалтера",30 000,Резюме
Менеджер/кредитный специалист,25 000,Резюме
Рассмотрю разные предложения,25 000,Резюме
"Монтажник кондиционеров, холодильных систем",50 000,Вакансии
Водитель,2 000,Резюме
Официант-бармен в кафе грузинской кухни,15 000,Вакансии
Инженер,з/п не ук,Резюме
Бухгалтер,15 000,Резюме
Автомаляр,50 000,Вакансии
Бухгалтер (удаленно или с частичной занятостью),10 000,Резюме
Косметолог с медицинским образование,з/п не ук,Резюме
Водитель,40 000,Резюме
Водитель со своим грузовиком рефрижиратор 2.5 тонн,50 000,Резюме
"Персональный водитель, водитель охранник",70 000,Резюме
Секретарь,43 000,Резюме
Начальник смены,28 000,Вакансии
"Продавец- консультант, специалист акб",35 000,Резюме
Требуется подмастерье (подсобник),30 000,Вакансии
"Инспектор отдела кадров, помощник руководителя",25 000,Резюме
"Няня, няня-сопровождения",200,Резюме
Бригада сантехников ищет диспетчера по заказам,з/п не ук,Резюме
Специалист,40 000,Резюме
Секретарь,30 000,Вакансии
Администратор,30 000,Вакансии
Переводчик таджикского языка,з/п не ук,Резюме
"Работник торгового зала, еженедельно м Пл. Ленина",24 000,Вакансии
Программист 1с-бухгалтерия 8.2,10 000,Резюме
Менеджер по кредитованию г. Пушкин,41 000,Вакансии
Продавец,1 300,Вакансии
Диагностическая станция Гос. Тех. Осмотра,200,Вакансии
Сборщик окон пвх,35 000,Резюме
Менеджер по рекламе и PR,27 000,Резюме
Продавец-кассир,30 000,Вакансии
"Педагог, воспитатель",25 000,Резюме
Помощник в отдел персонала,20 000,Вакансии
"Повар-технолог, кальянщик, чайный мастер",25 000,Резюме
Промоутер,25 000,Вакансии
"Кассир в ""К-рауту"" ул. Руставелли",25 000,Вакансии
Повар-пиццер/Повар-сушист,35 000,Вакансии
Менеджер-профессионал по продажам B2B,25 000,Резюме
Курьер пеший,25 000,Вакансии
Повар-пиццер/Повар-сушист,40 000,Вакансии
"Менеджер ресторана, Администратор бара",30 000,Резюме
Мастер по ремонту квартир в Ленремонт,70 000,Вакансии
Контролер-охранник в магазин,30 000,Вакансии
Повар горячего цеха,40 000,Вакансии
Повар холодного цеха,40 000,Вакансии
"Ищу работу, желательно с ежедневными, выплатами",35 000,Резюме
Няня- помощник воспитателя в частный детский сад,20 000,Вакансии
Мастер по ремонту спортивного оборудования,40 000,Вакансии
Мастер по ремонту посудомоечных машин в Ленремонт,60 000,Вакансии
Мастер по ремонту холодильников в Ленремонт,60 000,Вакансии
"Помощник юриста, помощник адвоката, стажер",15 000,Резюме
Мастер по ремонту стиральных машинок в Ленремонт,60 000,Вакансии
Рабочий на производстве декоративного камня,з/п не ук,Резюме
Инженер по эксплуатации зданий,50 000,Резюме
Водитель кат В на ваш авто либо имею свой каблук,3 000,Резюме
"Менеджер, Мерчендайзер",29 000,Резюме
Менеджер по подбору персонала,25 000,Вакансии
Охранник разные районы города,22 500,Вакансии
Водитель в вечер/ночь,25 000,Резюме
Администратор-кассир,26 000,Резюме
"Менеджер интернет-магазина, диспетчер, оператор",25 000,Резюме
Кассир,25 000,Резюме
Ищу работу,25 000,Резюме
Ваш бухгалтер Отчеты в мифнс и Фонды для ооо и ип,10 000,Резюме
Главный бухгалтер,з/п не ук,Резюме
Продавец в продуктовый магазин,1 100,Вакансии
"Домработница, помощница по хозяйству Колпино",1 500,Резюме
"Водитель кат. В, С. Экспедитор",50 000,Резюме
Расклейщик объявлений,45 000,Вакансии
Сборщик мебели,30 000,Резюме
Личный помощник руководителя,30 000,Резюме
Специалист по обследованию зданий,40 000,Вакансии
Системный администратор,з/п не ук,Резюме
Укладчик теплоплитки,36 000,Вакансии
Требуется продавец,30 000,Вакансии
"Слаботочник, электрик",з/п не ук,Резюме
"Слаботочка, электрика",з/п не ук,Резюме
Бухгалтер. Помощник бухгалтера/экономиста,25 000,Резюме
"Слаботочка, электрика",з/п не ук,Резюме
Дизайнер-художник,з/п не ук,Резюме
Зубной техник-керамист,100 000,Вакансии
Менеджер по продажам,з/п не ук,Резюме
"Инженер-картограф, инженер-геодезист",50 000,Резюме
Руководитель,50 000,Резюме
Разнорабочий,20 000,Резюме
Массажистка,2 000,Резюме
Комплектовщик,28 000,Вакансии
Мужской парикмахер,40 000,Резюме
Разнорабочий,з/п не ук,Резюме
Менеджер по продажам вентиляционного оборудования,50 000,Вакансии
Продавец консультант,з/п не ук,Резюме
Бригадир на производство,з/п не ук,Вакансии
Агент по недвижимости,з/п не ук,Резюме
"Ищу работу ди-джея, звукооператора",40 000,Резюме
"Швея на дому, универсал по трикотажу",з/п не ук,Резюме
"Детская одежда, шью на заказ",з/п не ук,Резюме
Помощник бухгалтера,з/п не ук,Резюме
Принимаю заказы на шитьё,з/п не ук,Резюме
Водитель категории D,45 000,Вакансии
Ищу работу или подработку,17 000,Резюме
Менеджер проектов,30 000,Резюме
Работа,1 000,Резюме
Парикмахер - Универсал,з/п не ук,Резюме
"Администратор, оператор 1С, менеджер по персоналу",30 000,Резюме
Офис-менеджер,з/п не ук,Резюме
Любая работа,20 000,Резюме
"Автомеханик, автослесарь, мойщик и т. д",з/п не ук,Резюме
Предлагаю услуги сиделки,з/п не ук,Резюме
"Администратор и продвижение сайта, групп в вк",з/п не ук,Резюме
"Лингвист, переводчик",22 000,Резюме
Разнорабочие на внешние инженерные системы,1 100,Вакансии
Инженер,60 000,Резюме
Ищу работу,30 000,Резюме
Водитель - экспедитор,30 000,Резюме
"Девушка, 18 лет, ищет работу на постоянной основе",30 000,Резюме
"Сварщик (на загородные объекты), пробивка проемов",1 000,Резюме
Инженер пто на удаленку,500,Резюме
Монтажник наружных инженерных сетей,35 000,Вакансии
Кровельщики на загородное строительство,100,Резюме
Разнорабочие,45 000,Вакансии
Косметолог-эстетист,з/п не ук,Резюме
Продавец-консультант,30,Резюме
Прораб,з/п не ук,Резюме
"Повар в офис, повар в семью",20 000,Резюме
"Кассир, продавец-кассир",25 000,Резюме
Художник,35 000,Резюме
Конструктор мебели ищу работу,з/п не ук,Резюме
Оператор деревообрабатывающего станка с чпу,60 000,Резюме
"Буфетчица, продавец",26 000,Резюме
Водитель-автослесарь,50 000,Резюме
"Машинист погрузчика-экскаватора JCB, CAT",50 000,Вакансии
Грузчики/комплектовщики на склад (С-Пб),35 000,Вакансии
Работники торгового зала (Приморский р-н),28 000,Вакансии
Требуются кассиры (Приморский район),30 000,Вакансии
Горничная,25 520,Вакансии
Водитель со своим Форд Транзит,50 000,Резюме
"Инженер, офис-менеджер, делопроизводитель",30 000,Резюме
Бухгалтер,50 000,Резюме
Рабочие на пищевое производство,30 000,Вакансии
"Журналист, фотограф, художник",з/п не ук,Резюме
"Продавец-консультант, администратор",25 000,Резюме
Водитель,40 000,Резюме
Повар заготовщик,35 000,Вакансии
Экспедитор,40 000,Резюме
Кредитный специалист в автосалон,22 000,Вакансии
Сварщик,35 000,Вакансии
Водитель-экспедитор на своём авто-ле Тойота Авенси,35 000,Резюме
Разнорабочий,28 000,Вакансии
Администратор в салон красоты или Консультант,20 000,Резюме
Плотник -гипрочник,з/п не ук,Резюме
Разнорабочий,28 000,Вакансии
Водитель-менеджер для вечерней работы,27 000,Вакансии
Менеджер специалист,20 000,Резюме
"Администратор, офис-менеджер",з/п не ук,Резюме
Повар-универсал,24 000,Вакансии
Устроюсь на работу,з/п не ук,Резюме
Водитель на Мерседес,2 000,Вакансии
Водитель,30 000,Резюме
Преподаватель английского языка,з/п не ук,Резюме
Администратор,з/п не ук,Резюме
Требуется роботник,1 000,Вакансии
Работник в цех. Окна пвх,з/п не ук,Вакансии
Повар универсал,1 800,Вакансии
Столяр,з/п не ук,Резюме
Продавец-администратор (м. Сенная Площадь),27 000,Вакансии
Промоутер,з/п не ук,Резюме
Кузовщик,з/п не ук,Резюме
Главный бухгалтер совместительство/удаленно,з/п не ук,Резюме
Мобильные сотрудники. Подработка. В свободный день,45 000,Вакансии
"Снабжение, продажи. Гибкий или свободный график",з/п не ук,Резюме
Агент по недвижимости,40 000,Вакансии
"Продавец-консультант, работник",25 000,Резюме
Мойщица посуды в ресторан,21 600,Вакансии
Агент в отдел коммерческой аренды,40 000,Вакансии
Мастер по ремонту полов,100,Резюме
Сборщик - Грузчик в продуктовую компанию,35 000,Вакансии
Системный Администратор,2 700,Резюме
"Ищу работу, бухгалтер, частичная занятость",10 000,Резюме
Электромонтёр,з/п не ук,Резюме
Главный юрисконсульт (руководитель юр. отдела),70 000,Резюме
"Автор студенческих работ (рефераты, курсовые)",1 000,Резюме
Мастер по наращиванию ресниц,з/п не ук,Резюме
Репетитор по школьным предметам,600,Резюме
"Инструктор аквааэробика, zumba, aqua zumba",30 000,Резюме
Няня у себя дома в янино 1 на полный день,з/п не ук,Резюме
Мастер маникюра педикюра,30 000,Вакансии
Уборка квартиры,15 000,Резюме
Швея на производство,35 000,Вакансии
Помощник юриста,35 000,Резюме
"Стажировка, помошник логиста",10 000,Резюме
Сборщик мебели/комплектовщик,35 000,Вакансии
"Менеджер по персоналу, организатор мероприятий",30 000,Резюме
Специалист по рекламе,20 000,Резюме
Охранник,40 000,Резюме
Специалист по документообороту,30 000,Резюме
Снабженец,з/п не ук,Резюме
"Ищу работу, подработку",з/п не ук,Резюме
С ежедневной оплатой,1 500,Резюме
"Подсобник, разнорабочий, слесарь",1 500,Резюме
Охранник в офис,22 000,Вакансии
Ищу работу с ежедневной оплатой,20 000,Резюме
Разработчик сайтов на Битрикс (сайты под ключ),20 000,Резюме
Продавец-консультант (Садовая),22 000,Вакансии
Директор по маркетингу удаленно,50 000,Резюме
Переводчик (английский язык),30 000,Резюме
"Управление персоналом, административная работа",65 000,Резюме
"Оператор 1с, пом. бухгалтера и тд",27 000,Резюме
Продавец-консультант (Пролетарская),22 000,Вакансии
Грузчик в мебельную компанию,44 000,Вакансии
Водитель категории В,55 000,Резюме
Менеджер по работе с клиентами,30 000,Вакансии
Официант выходного дня,12 000,Резюме
"Прораб электромонтажных работ, прораб эл. участка",55 000,Резюме
Ищу работу,30 000,Резюме
Инженер по эксплуатации зданий и сооружений,40 000,Резюме
"Менеджер по продажам, управленческая деятельность",25 000,Резюме
Уборщица/уборщик утренняя,8 000,Вакансии
Официальное Подключение к Uber,120 000,Вакансии
Шиномонтажник,з/п не ук,Вакансии
Представитель в Перми и Пермском крае,з/п не ук,Резюме
Секретарь. Дистанционная работа,5 000,Резюме
Менеджер интернет-магазина,30 000,Вакансии
Администратор в студию загара HOT SUN,18 000,Вакансии
"Оператор на телефон, пк, администратор сайта",20 000,Резюме
Водитель экспедитор/кладовщик/приемщик,50 000,Резюме
Администратор-кассир,25 000,Резюме
"Раздача и распространение листовок, промоутер",150,Вакансии
Автомеханик,25 000,Резюме
Хореограф,з/п не ук,Вакансии
Водитель-экспедитор,45 000,Вакансии
"Бухгалтер на разные участки, зам. главн. бухгалтер",45 000,Резюме
Строитель в области. Свободен,1 000,Резюме
Заместитель руководителя отделя,з/п не ук,Резюме
Мастер маникюра и педикюра,30 000,Резюме
Распространение Рекламы,1 500,Вакансии
Помощник кладовщика,11 500,Вакансии
Мойщица посуды,27 000,Вакансии
"Помощник руководителя, секретарь, менеджер, специа",55 000,Резюме
Инспектор по предрейсовым осмотрам,15 000,Вакансии
Мерчендайзер,10 000,Резюме
Продавец-кассир в новый магазин (м. ул. Дыбенко),23 000,Вакансии
Комплектовщик,30 000,Вакансии
Специалист склада,20 000,Вакансии
Официант с ежедневной оплатой,1 100,Резюме
"Администратор магазина, заместитель директора мага",з/п не ук,Резюме
Помощник кладовщика/Кладовщик,70 000,Вакансии
Электрогазосварщик,з/п не ук,Резюме
Компьютерный мастер,70 000,Вакансии
Монтажник слаботочных систем,30 000,Вакансии
"Торговй представитель, Супервайзер, Мерчендайзер",35 000,Резюме
Парикмахер,з/п не ук,Резюме
Продавец живого пива,1 400,Вакансии
"Кассир, продавец-кассир",18 000,Резюме
Охранник,25 000,Резюме
Водитель (в),30 000,Резюме
"Кредитный специалист, универсальный специалист",30 000,Резюме
Экспедитор-грузчик,35 000,Вакансии
Инженер технического надзора,70 000,Резюме
Ищу работу в Колпино,з/п не ук,Резюме
Повар,35 000,Вакансии
"Преподаватель фортепиано, репетитор",з/п не ук,Резюме
Повар универсал,35 000,Вакансии
Вахтер кпп,12 000,Вакансии
Грузчик-экспедитор,30 000,Вакансии
Ищу работу,30 000,Резюме
Уборщицы на неполный рабочий день,з/п не ук,Вакансии
Ищу работу,з/п не ук,Резюме
На дому,30 000,Резюме
Сборщик мебели,з/п не ук,Вакансии
Разнорабочий на производство,28 500,Вакансии
Сборщик мебели,40 000,Вакансии
Фармацевт / Провизор (Санкт-Петербург и ло),35 000,Вакансии
Администратор,35 000,Резюме
Маркетолог,60 000,Резюме
"Требуется мерчендайзер грузчик, г Ломоносов",20 000,Вакансии
Консультант в магазин автозапчастей,27 000,Вакансии
Водитель по городу/меж. город,75 000,Вакансии
Разнорабочий,30 000,Вакансии
"Операционист (физ. лица), экономист, бухгалтер",30 000,Резюме
Продавец на выдачу товара (Индустриальный),23 000,Вакансии
"Сборщик-установщик кухонь, шкафов-купе",60 000,Вакансии
Отделочник,50 000,Резюме
Продавец на выдачу (Испытатателей),22 000,Вакансии
Продавец,1 000,Вакансии
Репетитор по химии,1 500,Резюме
Продавец-консультант,27 000,Вакансии
Тренер по художественной гимнастике,з/п не ук,Резюме
Водитель категории С и Е. Работа по городу,50 000,Резюме
Заместитель директора магазина,40 000,Резюме
Продавец женской одежды больших размеров,40 000,Вакансии
"Продавец-консультант, менеджер в магазин запчастей",25 000,Вакансии
Работа,35 000,Резюме
Повар-блинопек (вахта Санкт-Петербург),47 000,Вакансии
Нужна подработка,30 000,Резюме
Администратор,1 500,Резюме
Работа на Квоте Агентом по Недвижимости,80 000,Вакансии
Артист,з/п не ук,Резюме
Мастер приемщик,38 000,Резюме
Готова рассмотреть предложения,15 000,Резюме
Дизайнер. Логотипы,3 000,Резюме
Лаборант,20 000,Резюме
Системный администратор,40 000,Резюме
Инженер-химик в лабораторию по анализу воды,35 000,Резюме
"Продавец консультант, отдел безнала",30 000,Резюме
Рабочий по комплексному обслуживанию здания,25 000,Вакансии
Помощник в делопроизводстве,з/п не ук,Резюме
Ищи работу или подработку,з/п не ук,Резюме
"Офис-менеджер, секретарь, оператор пк",з/п не ук,Резюме
Помощник руководителя,25 000,Резюме
"Продавец-кассир, с обучением в гипермаркет",25 300,Вакансии
"Кладовщик, товаровед",30 000,Резюме
Менеджер по персоналу,20 000,Резюме
Заместитель директора,з/п не ук,Резюме
Прораб по кровельным работам,з/п не ук,Резюме
"Бухгалтер, помощник главного бухгалтера",40 000,Вакансии
Массажистка,2 000,Резюме
Бухгалтер,30 000,Вакансии
"Экономист, бухгалтер",35 000,Резюме
Требуется подсобник оплата сразу,1 000,Вакансии
Грузчик,30 000,Резюме
Кровельщик,з/п не ук,Резюме
Парикмахер,45 000,Вакансии
"Грузчик, разнорабочий, экспедитор и пр",1 500,Резюме
"Водитель кат. В, Оператор азс 3 разряд, Автослесар",25 000,Резюме
"Менеджер, рук. отдела продажи мяса",з/п не ук,Резюме
Отделочник,45 000,Резюме
"Охрана, консьерж",35 000,Резюме
Оператор токарь чпу,30 000,Вакансии
Бухгалтер,з/п не ук,Резюме
Парикмахер универсал,з/п не ук,Вакансии
Подготовка к гиа по математике,400,Резюме
Охранник в Московский район,30 000,Вакансии
Модель для художника,1 000,Вакансии
Любая,30 000,Резюме
Подсобный рабочий,26 000,Вакансии
"Набираем продавцов, все р-ны Питера",1 200,Вакансии
Водитель со своим авто,з/п не ук,Резюме
Водитель,50 000,Резюме
Требуется грузчик-мерчендайзер. г. Ломоносов,19 000,Вакансии
"Каменщик, строитель",з/п не ук,Резюме
Водитель,з/п не ук,Резюме
Подработка,25 000,Резюме
Строитель,1 000,Резюме
Буфетчица,15 000,Вакансии
Фотограф,30 000,Резюме
"Бухгалтер, помощник бухгалтера",з/п не ук,Резюме
Диспетчер - Оператор,32 000,Вакансии
Повар в разные районы города,25 000,Вакансии
Дизайнер интерьеров,50 000,Резюме
Менеджер по увеличению прoдаж,25 000,Резюме
Ищу работу,35 000,Резюме
Парикмахер-универсал/парикмахер-стилист,з/п не ук,Вакансии
Мастер маникюра и педикюра,з/п не ук,Вакансии
"Любая, не на улице",з/п не ук,Резюме
Офис-менеджер/менеджер вэд/декларант/бухгалтер на,50 000,Резюме
Уборщица,15 000,Вакансии
Требуется продавец-кассир. г. Санкт-Петербург,30 000,Вакансии
Требуется продавец-консультант. Санкт-Петербург,25 000,Вакансии
Требуется продавец-кассир. г. Санкт-Петербург,30 000,Вакансии
Требуется продавец-консультант. Санкт-Петербург,23 000,Вакансии
Водитель со своим грузовым автомобилем,,Резюме
Бухгалтер,30 000,Резюме
"Сборщик, монтажник, водитель-логист",,Резюме
Курьер по доставке блюд,35 000,Вакансии
Коммерческий директор,150 000,Резюме
Маляр,з/п не ук,Вакансии
Оптометрист,50 000,Вакансии
Требуются штукатуры,100 000,Вакансии
Менеджеp пo пpивлечению клиентoв,20 000,Резюме
Сотрудник постпечатного цеха,20 000,Вакансии
Требуется подсобный рабочий на временную работу,35 000,Вакансии
"Медсестра, фармацевт, ассистент стоматолога",20 000,Резюме
Оператор пк службы поддержки,35 000,Вакансии
Бригада загород,з/п не ук,Резюме
Охранник рынок Юнона,35 000,Вакансии
Водитель,30 000,Резюме
Официант,40 000,Резюме
Организатор,30 000,Резюме
"Сметчик, инженер пто",33 000,Вакансии
Продавец-кассир,30 000,Вакансии
"Высотный монтаж баннеров, рекламных конструкций",з/п не ук,Резюме
"Курьер, консультант, экспедитор, рабочий",25 000,Резюме
Требуется продавец в магазин одежды,20 000,Вакансии
Дизайнер консультант в салон кухонь,45 000,Вакансии
Помощник бухгалтера,з/п не ук,Резюме
Авто Курьер в транспортно-экспедиционную компанию,18 000,Вакансии
"Кладовщик, комплектовщик, работник склада",27 000,Резюме
Помощник флориста,30 000,Резюме
"Медсестра, фармацевт, ассистент стоматолога",20 000,Резюме
"Инженер, менеджер",30 000,Резюме
"Мерчендайзер, Красногвардейский район",25 500,Вакансии
Грузчик,20 000,Резюме
Теплотехник,40 000,Резюме
Требуются каменщики на газобетон,60 000,Вакансии
Водитель грузовика с самосвальным полуприцепом,120 000,Вакансии
Швея,30 000,Вакансии
Ищу работу,50 000,Резюме
Помощник воспитателя,25 000,Вакансии
Пекарь,33 000,Вакансии
Ищу работу,30 000,Резюме
Менеджер по продажам,20 000,Резюме
"Художник-оформитель (художник-витражист, художник",з/п не ук,Резюме
Уборщица,25 000,Вакансии
Ишу подработка,з/п не ук,Резюме
Хочу на работу,50 000,Резюме
"Администратор, консультант",30 000,Резюме
Коммерческий директор. руководитель строительством,80 000,Резюме
Грузчик-подсобник в премиальный магазин,з/п не ук,Вакансии
Водитель,з/п не ук,Резюме
Фотограф-дизайнер,25 000,Резюме
"Администратор, продавец, оператор",30 000,Резюме
Продавец продовольственных товаров,з/п не ук,Вакансии
Повар,31 000,Резюме
"Водитель кат. ""В""",35 000,Резюме
Машинист подъемника строительного грузового лифта,35 000,Резюме
Грузчик,64 000,Вакансии
Требуются сборщики металлоконструкций,55 000,Вакансии
Ищу тренера по хатха-йоге,з/п не ук,Вакансии
Торговый представитель,30 000,Вакансии
Требуется инженер технолог сварочного производства,45 000,Вакансии
Водитель,з/п не ук,Резюме
Ищу работу водителем,40 000,Резюме
"Подработка в торговле, ресторанном бизнесе и п. р",100,Резюме
Электромонтажник,40 000,Вакансии
"Администратор, специалист",з/п не ук,Резюме
Объявление,35 000,Резюме
Любую,40 000,Резюме
Сервисный инженер / IT-специалист,45 000,Вакансии
"Переводчик, преподаватель английского языка",з/п не ук,Резюме
Ищу работу,з/п не ук,Резюме
Требуется сотрудница в магазин телефонов,40 000,Вакансии
Ищем подряды спб лен обл,з/п не ук,Резюме
Водитель на эвакуатор,40 000,Вакансии
Электрик,з/п не ук,Резюме
Оператор перевалочной машины,69 000,Вакансии
Охранник,68 000,Вакансии
Бухгалтер,з/п не ук,Резюме
Водитель кат. Е,80 000,Вакансии
Ищу работу в своем городе,35 000,Резюме
Оператор алмазного бурения,40 000,Резюме
Курьер вечерний или выходного дня на личном а/м,з/п не ук,Резюме
Грузчик с ежедневными выплатами,1 000,Резюме
Маляр,32 000,Вакансии
Ищу работу,з/п не ук,Резюме
Сборщик мебели,35 000,Вакансии
Водитель Ассенизатора,45 000,Вакансии
Секретарь,25 000,Вакансии
Госслужащий,25 000,Резюме
"Водитель погрузчика, машинист экскават, водитель",з/п не ук,Резюме
"Шеф-повар, бренд-шеф, зав. производством",70 000,Резюме
Ищу подработку,1 000,Резюме
Требуются грузчики на открытие магазина. Спб,5 100,Вакансии
"Помощник, стажер, подсобник",25 000,Резюме
Сварщик металлоконструкций,30 000,Вакансии
"Водитель B, C, D",з/п не ук,Резюме
Товаровед,40 000,Вакансии
Повар Универсал,2 000,Вакансии
Ищу подработку,2 000,Резюме
Посудомойщица,17 000,Вакансии
Официант,30 000,Вакансии
Дизайнер-верстальщик,10 000,Резюме
Курьер,з/п не ук,Резюме
"Рабочии, помощник, мастера",з/п не ук,Резюме
Автомойщик,30 000,Вакансии
"Токарь, станочник деревообрабатывающих изделий",40 000,Резюме
Дорожные рабочие Вахта,33 000,Вакансии
Продавец в магазин игрушек и канцтоваров,1 200,Вакансии
Слесарь на производство,53 000,Вакансии
Специалист по недвижимости. Риэлтор. Агент,48 000,Вакансии
Главный бухгалтер,65 000,Резюме
Фотограф,1 500,Резюме
Охранник,з/п не ук,Резюме
Продавец,з/п не ук,Резюме
Охранник(без лицензии),22 000,Резюме
Контролер на поезд Ласточка,35 000,Вакансии
"SMM-Менеджер, SMM специалист, Менеджер проекта",10 001,Резюме
Новый завод набирает сотрудников,35 000,Вакансии
Домработница,8 000,Резюме
Менеджер по работе с клиентами,29 000,Вакансии
"Водитель С, Е",80 000,Вакансии
Расклейщик объявлений,1 000,Вакансии
Администратор,29 000,Вакансии
Пом. руководителя-Офис менеджер,25 000,Резюме
"Дизайнер, дизайнер-технолог корпусной мебели",50 000,Вакансии
"Актриса, модель, танцовщица",з/п не ук,Резюме
Няня,25 000,Резюме
Водитель с личным рефрижератором,з/п не ук,Резюме
Токарь,50 000,Вакансии
Ищю работу помощник учиник мастер,з/п не ук,Резюме
Упаковщик(ца) -Фасовщик(ца),65 600,Вакансии
Разнорабочие (можно с патентом и без патента),1 000,Вакансии
Электрогазосварщик. маляр,30 000,Резюме
Водитель с личным а/м Газель,400,Резюме
Водитель В С Е,50 000,Резюме
Столяр-сборщик корпусной мебели,з/п не ук,Вакансии
"Помощница по дому, сиделка, няня",25 000,Резюме
Мастер по перманентному макияжу / татуажу,з/п не ук,Резюме
Бухгалтер,з/п не ук,Резюме
Водитель кат. В на вашем автомобиле,з/п не ук,Резюме
Руководитель отдела персонала,з/п не ук,Вакансии
"Бухгалтер, менеджер по кредитованию",25 000,Резюме
Секретарь,37 000,Резюме
Ищу подработку в вечернее время,1 000,Резюме
Рабочий помощник мастера бригада(Отделка не рус4,з/п не ук,Резюме
Продавец-кассир,30 000,Вакансии
Водитель,60 000,Резюме
"Ученик, автомаляр",25 000,Резюме
Продавец фруктов,1 000,Резюме
Маляр,50 000,Вакансии
"Требуется промоутер ежедневные выплаты, в С-Петерб",200,Вакансии
"Официант, бармен, барбек",35 000,Резюме
Инженер-проектировщик,з/п не ук,Резюме
Личный водитель,70 000,Вакансии
Требуется кассир,з/п не ук,Вакансии
Грузчик,27 000,Вакансии
"Подсобный рабоий, штукатур",1 500,Вакансии
Уборщица в супермаркет,27 000,Вакансии
Грузчик в продовольственный магазин,26 000,Вакансии
Ассистент косметолога,28 500,Вакансии
Ищу работу (Желание работать есть),20 000,Резюме
Работа на дому,25 000,Резюме
"Бухгалтер калькулятор ресторана, бара, пивоварни",з/п не ук,Резюме
"Секретарь, помощник руководителя, администратор",10 000,Резюме
Охранник в сопровождение грузов,82 000,Вакансии
"Должность любая, нет военного билета",22 000,Резюме
Косметолог эстетист,40 000,Резюме
Гипрочники,40 000,Вакансии
Подменный водитель кат Д,15 000,Вакансии
Требуются Отделочники/штукатуры,160,Вакансии
Водитель эвакуатора,45 000,Вакансии
Мастер приемщик сто,40 000,Вакансии
Продавец электронных сигарет,35 000,Вакансии
Мастер парикмахерского искусства,40 000,Резюме
Массажистка,з/п не ук,Резюме
Продавец в кондитерскую,22 000,Вакансии
Инженер-эколог,з/п не ук,Резюме
Автомаляр,з/п не ук,Резюме
"Раздача флайеров, листовок",150,Вакансии
Парикмахер и мастер по маникюру и педикюру,30 000,Вакансии
Официант,15 000,Вакансии
Хозяйка на кухню,1 300,Вакансии
Водитель - мерчандайзер,35 000,Вакансии
Подсобный рабочий,28 000,Вакансии
Работа в сфере окон и натяжных потолков (продажи),25 000,Вакансии
В поиске,з/п не ук,Резюме
Повар универсал,33 000,Вакансии
"Менеджер, оператор пк, моб. мерчендайзер. Колпино",25 000,Резюме
Охранник на кпп,64 000,Вакансии
Семейная пара с проживанием,60 000,Резюме
Грузчик на сопровождение,71 000,Вакансии
Старший вожатый,20 000,Резюме
Водитель-Охранник 6-го разряда,з/п не ук,Резюме
Экспедитор-грузчик,68 000,Вакансии
Дизайнер интерьера,з/п не ук,Резюме
Повар в детский сад,з/п не ук,Вакансии
Сварщик,40 000,Вакансии
"Менеджер, специалист по работе с клиентами",30 000,Резюме
Уборщица,24 200,Вакансии
Требуется кладовщик на склад,27 000,Вакансии
Мойщица посуды,27 000,Вакансии
Охранник склады Кубинская ул,30 000,Вакансии
Ассистент врача-косметола,27 000,Вакансии
Работа на производстве без опыта,28 000,Вакансии
Грузчик подсобник в продовольственный магазин,з/п не ук,Вакансии
Персональный водитель,65 000,Резюме
"Менеджер в автосалон, автостоянку",14 500,Резюме
Сварщики накс,1 000,Резюме
Продавец-универсал в магазин премиум-класса,з/п не ук,Вакансии
Плотник,40 000,Вакансии
"Администратор, менчандайзер",12 000,Резюме
Автомойщик мойщик,35 000,Вакансии
Бригада альпинистов,з/п не ук,Вакансии
Административная работа,50 000,Резюме
Разна рабочи,2 000,Резюме
Бухгалтер (удаленно),1 000,Резюме
Член бригады ресторана(разные районы),23 500,Вакансии
Разнорабочий,45 000,Вакансии
Продавец в отдел гастронома на 6 линии во,з/п не ук,Вакансии
Оператор 1С,30 000,Вакансии
Электромонтажники,50 000,Вакансии
Монтажник опс,45 000,Резюме
Ювелир-полировщик,40 000,Вакансии
Руководитель склада готовой продукции,60 000,Вакансии
Водитель,з/п не ук,Резюме
Комплектовщик,45 000,Вакансии
Ищу работу,25 000,Резюме
Ищу работу,з/п не ук,Резюме
Главный бухгалтер/ бухгалтер,з/п не ук,Резюме
Требуется дворник,36 000,Вакансии
Раздатчица обедов в столовую,32 000,Вакансии
Швея,25 000,Вакансии
Дворник,25 000,Вакансии
Геодезист. Разбивка. Съемка и пр,215,Резюме
Водитель-экспедитор (В кат.),64 000,Вакансии
Бригада сварщиков-сантехников,600 000,Вакансии
Продавец-кассир,1 000,Вакансии
Продавец-консультант,22 000,Вакансии
Продажа рекламы/ площадей в сми,2 000,Резюме
Дизайнер,20 000,Резюме
Копирайт. Рерайт. Продвижение. Переводы,1 000,Резюме
Сантехника от А до Я,500,Резюме
"Мастер визажист, стилист, бровист",30 000,Вакансии
Ищу работу можно с бучением,25 000,Резюме
Подсобный рабочий,25 000,Вакансии
Администратор общежития,25 000,Вакансии
Выполню любую работу,з/п не ук,Резюме
"Хостес, официант",15 000,Резюме
Официант,900,Вакансии
Сервисный инженер,60 000,Резюме
"Секретарь, администратор, офис-менеджер",35 000,Резюме
Поиск работы,1 000,Резюме
Грузчик,з/п не ук,Резюме
"Грузчик, сборщик, экспедитор",з/п не ук,Резюме
"Кассир, м. Удельная/Технологический институт",23 000,Вакансии
"Водитель категории С - автокран, ямобур",40 000,Вакансии
"Повар, повар на шаверму",30 000,Вакансии
Кассир в столовую,22 000,Вакансии
Водитель автовышки,35 000,Вакансии
Уборщица в столовую,15 000,Вакансии
Мойщица посуды,15 000,Вакансии
Старший продавец/администратор,30 000,Резюме
Буфетчица,23 000,Резюме
Бригада монолитчиков,75 000,Вакансии
Отделочник универсал,з/п не ук,Резюме
Сборщик корпусной мебели,45 000,Резюме
Охранник на кпп(вахта),68 000,Вакансии
"Фасовщица, оператор - консультант",20 000,Резюме
Промышленный альпинист,5 000,Резюме
"Отделочник-уневирсал, промышленный альпинист",35 000,Резюме
Кладовщик. оператор станка,35 000,Резюме
Автомеханик грузовой техники,60 000,Вакансии
SMM/SEO специалист,3 500,Резюме
"Грузчик, комплектовщик",45 000,Вакансии
Отделочник уневерсал,30 000,Резюме
Охранник без лицензии,з/п не ук,Резюме
Водитель с личным автомобилем,з/п не ук,Резюме
Шеф повар. соу шеф. повар,80 000,Резюме
Семейный водитель,80 000,Резюме
Переводчик китайского языка,з/п не ук,Резюме
Бухгалтер,з/п не ук,Резюме
Оператор call-центра,36 000,Вакансии
Экономист,50 000,Резюме
"Продавец консультант, администратор",25 000,Резюме
Оператор call-центра,25 000,Вакансии
"Вахтер, сторож и т. п",20 000,Резюме
Мойщик (ца) автомобилей,30 000,Вакансии
Водитель,50 000,Резюме
"Мастер участка, мастер цеха, начальник смены",40 000,Резюме
Повар - универсал,з/п не ук,Резюме
Репетитор,600,Резюме
Декоратор-оформитель,30 000,Резюме
Водитель,50 000,Резюме
Любая,20 000,Резюме
Водитель,60 000,Резюме
Работа на дому,з/п не ук,Резюме
Ищу работу,25 000,Резюме
Каменщики,з/п не ук,Резюме
Грузчики. Выплаты каждый день,63 000,Вакансии
Ищу работу подработку ежедневные выплаты,1 200,Резюме
Ветеринарный врач,30 000,Резюме
Воспитатель в доу,з/п не ук,Резюме
Ищу работу шиномонтажником,30 000,Резюме
Уборщицы на производство,22 000,Вакансии
Ищу работу,2 000,Резюме
"Инженер-проектировщик ов, тс",з/п не ук,Резюме
"Автомойщик, шиномонтажник",з/п не ук,Резюме
Администратор-горничная,30 000,Вакансии
Резюме,28 000,Резюме
Подсобники-Разнорабочие. Демонтаж,з/п не ук,Резюме
Бармен-официант,28 000,Вакансии
"Надежный Водитель персональный, семейный, офисный",45 000,Резюме
Инженер в проектную организацию (слаботочка),50 000,Резюме
Управляющий кафе- бар,40 000,Вакансии
Бригада Разнорабочих рф,з/п не ук,Резюме
Геодезист,50 000,Резюме
Мойщица посуды,26 000,Вакансии
"Дизайн, верстка, реклама, pr",35 000,Резюме
Работник в ресторан ikea,25 000,Вакансии
Помощник монтажника светопрозрачных конструкций,55 000,Вакансии
Преподаватель английского языка,15 000,Резюме
До 16 часов,з/п не ук,Резюме
Пекарь,33 000,Вакансии
"Бармен, официант, хостес",30 000,Вакансии
Офисный водитель,38 000,Вакансии
Менеджер по найму персонала,30 000,Резюме
Курьер,12 000,Вакансии
Пекарь в мини-пекарню кофетерий,1 000,Вакансии
"Бухгалтер, главный бухгалтер",з/п не ук,Резюме
Сварщик Все виды сварки,з/п не ук,Резюме
Менеджер по продажам,30 000,Резюме
Требуются отделочники и разнорабочие,1 500,Вакансии
Приоритетов нет,20 000,Резюме
"Главный бухгалтер, бухгалтер",з/п не ук,Резюме
Архитектор проектировщик дизайнер,2 000,Резюме
Экспедитор,33 000,Вакансии
Подсобный рабочий,1 500,Вакансии
Водитель со своим микроавтобусом 16 мест,з/п не ук,Резюме
Менеджер по работе с клиентами,35 000,Вакансии
Инвалид-колясочник 1 группы,з/п не ук,Резюме
Ищу подработку,1 300,Резюме
Требуется плотники с проживанием загород,60 000,Вакансии
Операционист банка,40 000,Резюме
Специалист по кадрам,30 000,Резюме
Ищу дополнительную работу,з/п не ук,Резюме
Бухгалтер,10 000,Резюме
Работница на ферму,30 000,Вакансии
"Подсобники, грузчики, разнорабочие ищут работу",з/п не ук,Резюме
"Компьютерный мастер, сервисный инженер",65 000,Вакансии
"Лепщик, штукатур, реставратор",2 000,Резюме
"Няня, Психолог (помощница по хозяйству)",35,Резюме
"Системный администратор, компьютерный техник",1 000,Резюме
"Стажеры, агенты по недвижимости",60 000,Вакансии
Массажистка,1 800,Резюме
Водитель со своим грузовым автомобилем,100,Резюме
Главный бухгалтер (по совместительству),10 000,Резюме
Бухгалтер на сдачу нулевых отчетов,10 000,Резюме
Водитель с личным грузовиком до 1.5 тонн,55 000,Резюме
Личный водитель,60 000,Резюме
Ищу работу по демонтажу,з/п не ук,Резюме
Автомеханик,50 000,Резюме
Слесарь мср,40 000,Резюме
Сторож на дачу,13 000,Резюме
В поиске работы помощнник по хозяйству,30 000,Резюме
Специалист по приемке Василеостровская/Спортивная,27 000,Вакансии
Плотник(каркасные дома),з/п не ук,Резюме
Дизайнер,25 000,Резюме
Конструктор (внештатный),50 000,Резюме
Разнорабочие,45 000,Вакансии
Требуется ученик кровельщика подсобный рабочий,1 500,Вакансии
Повар - раздатчик,25 000,Вакансии
Помощник повара,20 000,Вакансии
Главный механик,45 000,Резюме
Водитель,75 000,Вакансии
Водитель со своим авто,2 000,Резюме
Продавец джинсовой одежды,20 000,Резюме
"Работа на личном автомобиле, перевозка грузов",45 000,Резюме
Рассмотрю разные предложения,10 000,Резюме
"Геофизик, начальник партии, инженер, мастер",70 000,Резюме
Водитель,3 000,Резюме
Прораб,45 000,Резюме
Опытная сиделка с медицинским образованием,30 000,Резюме
Печатник щелкограф,з/п не ук,Резюме
Водитель в городе Тосно,з/п не ук,Резюме
Водитель,з/п не ук,Резюме
Ищу работу,з/п не ук,Резюме
Ищу работу,з/п не ук,Резюме
Водитель,з/п не ук,Резюме
Замерщик,45 000,Резюме
Ищу работу,з/п не ук,Резюме
Электромонтажник,3 000,Резюме
Дизайнер - стажер,25 000,Резюме
"Электрик, электромонтажник, ремонт квартир, коттед",500,Резюме
Ищу работу,50 000,Резюме
"Разнорабочий, подсобник",1 600,Резюме
Оператор гибочного пресса с чпу (гибщик),40 000,Вакансии
"Дизайнер, администратор, технический специалист",30 000,Резюме
Продавец в отдел косметики,18 000,Вакансии
Менеджер розничной торговли,40 000,Вакансии
Руководитель монтажного отдела (начальник),з/п не ук,Резюме
Менеджер продавец интернет магазина курьер на авто,30 000,Резюме
Водитель на межгород,з/п не ук,Резюме
Водитель кат (в),40 000,Резюме
"Подсобник, отделочник",1 000,Вакансии
"Мастер автосервиса, снабженец",50 000,Резюме
"Контроллер кпп, поста, ворот, кнопки",15 000,Резюме
Рабочие,45 000,Вакансии
Работа,40 000,Резюме
Помощник по хозяйству,15 000,Резюме
Уборщица в вечернее время,7 000,Резюме
"Сторож, завхоз",15 000,Резюме
Управление персоналом,30 000,Резюме
Флорист,з/п не ук,Резюме
Разнорабочий,з/п не ук,Резюме
Грузчик,1 500,Резюме
"Вахта Кассир, оператор пк, администратор-регистрат",з/п не ук,Резюме
Продавец-консультант (менеджер),30 000,Резюме
"Аквариумист, продавец в зоомагазине",25 000,Резюме
Монтажники винтовых свай,1 000,Резюме
Ищу работу,35 000,Резюме
"Экскурсовод, консультант арт-галереи, педагог",20 000,Резюме
Водитель,з/п не ук,Резюме
Системный администратор,з/п не ук,Резюме
Охраник,2 000,Резюме
Диджей / DJ,з/п не ук,Резюме
Рабочие - производство (пригород Санкт-Петербурга),35 000,Вакансии
Автомойщик шиномонтажник,35 000,Вакансии
"Педагог хореограф, фитнес инструктор, администрато",з/п не ук,Резюме
Инженер пто,30 000,Резюме
Официант,40 000,Вакансии
"Автослесарь, можно и водителем",35 000,Резюме
Администратор,з/п не ук,Резюме
"Товаровед, Старший продавец, Директор магазина",35 000,Резюме
Оператор/менеджер/администратор,25 000,Резюме
Автомеханик/Автослесарь,30 000,Резюме
Маляры,35 000,Вакансии
Бармен,25 000,Резюме
Водитель категории Е,50 000,Вакансии
"Водитель В, С",35 000,Резюме
Руководитель ит,80 000,Резюме
Экспедитор,30 000,Резюме
"Работник ландшафтного строительства, озеленения",30 000,Вакансии
Ищу работу по шпаклевке и по обоям,1 000,Резюме
Копирайтер,30 000,Резюме
Водитель со своим ам газель,100 000,Резюме
Уборка квартир разовая и еженедельная,1 500,Резюме
Экономист,30 000,Резюме
"Курьер в банки, на поручения (только документы)",з/п не ук,Резюме
"Помощник менеджера, оператор 1c",30 000,Резюме
Работа,з/п не ук,Резюме
Ищу подработку/работу в вечернее время,з/п не ук,Резюме
Продавец консультант спортивного питания,50 000,Резюме
"Менеджер по персоналу, рекрутер",з/п не ук,Резюме
Секретарь / помощник бухгалтера / администратор,25 000,Резюме
Менеджер по подбору персонала,з/п не ук,Резюме
Автослесарь,25 000,Резюме
Водитель с личным автомобилем,з/п не ук,Резюме
Ассистент стоматолога,20 000,Вакансии
Работа для строителей в частном строительстве,30 000,Резюме
Администратор (автомойщик),35 000,Резюме
Бармен,30 000,Резюме
Экспедитор,35 000,Резюме
Швея,30 000,Вакансии
Кассир,25 000,Вакансии
Электрика любой сложности,55 555,Резюме
Главный бухгалтер,з/п не ук,Резюме
Повар-универсал,45 000,Резюме
Фотограф,50 000,Резюме
"Шеф повар (суши, пицца)",50 000,Вакансии
"Бармен-официант, администратор",1 500,Резюме
Водитель-экспедитор С личной газелью,з/п не ук,Резюме
Нужна работа во 2-ой половине дня.),з/п не ук,Резюме
Работа/Подработка,з/п не ук,Резюме
Инженер по Пожарной Безопасности,35 000,Резюме
Социальный работник,20 000,Резюме
Мастер маникюра и педикюра,50 000,Вакансии
Хостес,50 000,Резюме
Бухгалтер,1 000,Резюме
Чертежи AutoCad,100,Резюме
Механик автослесарь,20 000,Вакансии
"Секретарь-референт, репетитор английского языка",40 000,Резюме
Менеджер по продажам юридических услуг,25 000,Вакансии
Продавец-консультант,25 000,Вакансии
Маркетолог/администратор сайта/менеджер по развити,1 000,Вакансии
"Водитель, экспедитор с личным автомобилем кат. В",40 000,Резюме
Ищу работу,35 000,Резюме
Подработка на 2-3 часа в день,з/п не ук,Резюме
Личный водитель,з/п не ук,Резюме
Повар горячего цеха,35 000,Вакансии
Продавец-консультант на сокращенную рабочую неделю,15 000,Вакансии
Специалист IT,50 000,Резюме
Требуется парикмахер универсал,з/п не ук,Резюме
Рабочий,з/п не ук,Резюме
Системный администратор,25 000,Резюме
Тонировщик,45 000,Вакансии
"Юрист, юрисконсульт",з/п не ук,Резюме
"Бухгалтер, старший бухгалтер, заместитель главного",80 000,Резюме
Требуются грузчики-экспедиторы,35 000,Вакансии
Грузчик в цех полиграфического производства,18 000,Вакансии
Грузчики на склад готовой продукции,20 000,Вакансии
Главный бухгалтер,з/п не ук,Резюме
"Репетитор/тренер по финансам, экономике, бух. учет",з/п не ук,Резюме
Водитель со своим грузовым тс,150 000,Вакансии
"Работник торгово зала, Мерчендайзер, Курьер",з/п не ук,Резюме
Требуется педагог в театрал. и мультиплик. студию,20 000,Вакансии
Водитель с л/а,2 000,Резюме
Главный бухгалтер,50 000,Резюме
Преподаватель по электрогитаре,45 000,Резюме
Брошюровщица на полиграфическое производство,25 000,Вакансии
Тренер-преподаватель по футболу,35 000,Резюме
Фасовщица,25 000,Резюме
"Курьер, официант, оператор call центра и тд",15 000,Резюме
Инженер в Кронштадт,25 000,Вакансии
"Краснодеревщик, отделочник универсал",50 000,Резюме
Сварим металл,100,Резюме
Ишу подработка,з/п не ук,Резюме
Водитель на своем а/м Газель,з/п не ук,Резюме
Машинист экскаватора полноповоротного колесного,270,Вакансии
Роспись стен Спб,1 500,Резюме
Инженер по эксплуатации зданий и сооружений,50 000,Резюме
В ночную смену,з/п не ук,Резюме
Ищу работу водителем кат. В. С-Е,40 000,Резюме
Требуется водитель,60 000,Вакансии
Мебельное производство,60 000,Резюме
Менеджер по продажам,з/п не ук,Резюме
Мебельное-столярное производство,60 000,Резюме
Няня воспитатель на выходные,з/п не ук,Резюме
Парикмахер универсал,1 000,Резюме
Водитель -экспедитор,40 000,Вакансии
Главный бухгалтер,15 000,Резюме
Курьер,20 000,Резюме
"Инженер-строитель, начальник участка, прораб",60 000,Резюме
"Офисный, персональный, семейный водитель",40 000,Резюме
Водитель на своем грузовом авто,з/п не ук,Резюме
"Операторы штукатурной машины G4, Ritmo XL",90 000,Вакансии
Врач лфк и спортивной медицины,з/п не ук,Резюме
Консультант,з/п не ук,Резюме
"Администратор, продавец-кассир",30 000,Резюме
Переводчик немецкого языка,280,Резюме
Юрист,35 000,Резюме
"Преподаватель английского языка, репетитор",25 000,Резюме
"Менеджер-консультант, кассир, мерчендайзер",15 000,Резюме
Администратор салона красоты,35 000,Резюме
Флорист,1 300,Резюме
Менеджер,50 000,Вакансии
Мерчендайзер на автомобиле,32 000,Вакансии
Менеджер по продажам на дому,30 000,Вакансии
Менеджер по закупкам,50 000,Резюме
Работник В колпино,500,Резюме
Строительство,з/п не ук,Резюме
Администратор,з/п не ук,Резюме
Утепление,з/п не ук,Резюме
Строительство и внутренняя обделка,з/п не ук,Резюме
Водитель кат. В. ищут работу,з/п не ук,Резюме
Главный бухгалтер,10 000,Резюме
Дизайнер,25 000,Резюме
Газорезчик,з/п не ук,Вакансии
Администратор,25 000,Резюме
Начальник строительного участка,з/п не ук,Резюме
Водитель категории B,25 000,Резюме
"Кладовщик, зам начальника, пом. бухгалтера, приемщ",35 000,Резюме
"Водитель В, С, Е",40 000,Резюме
Водитель офисный или персональный. Кат. вс,50 000,Резюме
Курьер,300,Резюме
Рабочий на склейку,25 000,Вакансии
Ассистент ветеринарного врача,500,Вакансии
"Секретарь, помощник руководителя, офис менеджер",30 000,Резюме
Сборщик мебели любой,з/п не ук,Резюме
Парикмахер универсал,з/п не ук,Вакансии
Продавец,25 000,Резюме
Ищу работу,з/п не ук,Резюме
Помощник юриста,15 000,Резюме
Автоэлектрик-диагност,60 000,Резюме
Менеджер по закупкам в отделе снабжения,30 000,Резюме
Каменщик. бригада,з/п не ук,Резюме
Анатолий,2 500,Резюме
Рассмотрю любые варианты,30 000,Резюме
"Бухгалтер 1с, кассир",15 000,Резюме
Водитель-экспедитор на своем грузовом автомобиле,з/п не ук,Резюме
Рассмотрю любые варианты,30 000,Резюме
Продавец-кассир,25 000,Вакансии
Водитель категории Е на контейнеровоз,50 000,Вакансии
Помощник повара - Мойщица посуды,1 200,Резюме
Водитель на контейнеровоз,50 000,Вакансии
Инженер пто,з/п не ук,Резюме
Каменщик,з/п не ук,Резюме
Сборщик наружной рекламы,з/п не ук,Резюме
Бухгалтер (производство),30 000,Резюме
Помощница по хозяйству,з/п не ук,Резюме
Ищу работу,35 000,Резюме
Ищу работу продавцом,з/п не ук,Резюме
Сварщик,50 000,Вакансии
"Водитель в, с, д",25 000,Резюме
Няня,з/п не ук,Резюме
Воспитатель в детскую игровую комнату,з/п не ук,Резюме
Администратор в медцентр,з/п не ук,Резюме
Поиск работы,з/п не ук,Резюме
Дизайнер и верстальщик полиграфии,з/п не ук,Резюме
"Сварщиик рд, п, а. аргон",100,Резюме
Водитель С личным авто,100,Резюме
Водитель гидроманипулятора,60 000,Резюме
Полировщик автомобилей,35 000,Резюме
Полицейский,30 000,Резюме
Жестянщик,з/п не ук,Вакансии
Водитель со своим грузовым автомобилем (борт-тент),45 000,Резюме
Ассистент стоматолога,з/п не ук,Резюме
"Снабженец, Руководитель отдела снабжения, Менеджер",40 000,Резюме
Бариста,21 000,Вакансии
Водитель- экспедитор кат. В,з/п не ук,Резюме
Главный бухгалтер (строительный),з/п не ук,Резюме
Экспедитор,35 000,Резюме
"Продавец - Консультант, администратор",25 000,Резюме
Официант,з/п не ук,Резюме
"Офисный водитель, водитель, личный водитель",30 000,Резюме
Женского мастер-парикмахера,з/п не ук,Вакансии
Ищу работу водителем на авто работодателя,40 000,Резюме
Офисный или семейный водитель,40 000,Резюме
Грузчик,з/п не ук,Резюме
Ищу работу с ежедневными выплатами,1 000,Резюме
Сдельные Бригады,50 000,Вакансии
Вахта или оператор в call-центр (см. любые вариант,з/п не ук,Резюме
"Нянька за ребенком, или Сиделка за больным",40 000,Резюме
Маляр,1 000,Резюме
"Повар, пом. повара, салатница, выпечница",з/п не ук,Вакансии
Ищу работу,35 000,Резюме
Event помощник,30 000,Резюме
"Программист Java (стажер, Junior)",з/п не ук,Резюме
Персональный водитель руководителя,45 000,Резюме
"Модельер - конструктор обуви, швея, раскройщик",25 000,Резюме
Ищу работу в ночь или в ночную смену,з/п не ук,Резюме
Слесарь электромонтажник,45 000,Вакансии
Помощник менеджера (с перспективой развития),30 000,Вакансии
Официант,15 000,Резюме
"Бухгалтер (Отчетность, Декларации)",1 000,Резюме
Преподаватель танцев,з/п не ук,Вакансии
Няня выходного дня,з/п не ук,Резюме
Агент-риэлтор по жилой недвижимости,75 000,Вакансии
Ищем энергичного продавца,38 500,Вакансии
"Установка кухонь, сборщик мебели",з/п не ук,Резюме
Оператор на станок чпу фигурной нарезки пенопласта,25 000,Вакансии
Развальщик,50 000,Вакансии
"Персональный, семейный водитель",35 000,Резюме
Водитель,35 000,Резюме
Автослесарь / Специалист по Развал-С/Шиномонтажник,50 000,Вакансии
"Секретарь, офис-менеджер, администратор",25 000,Резюме
Преподаватель- репетитор по ударным инструментам в,з/п не ук,Резюме
Разнорабочий на резку пенопласта,25 000,Вакансии
Преподаватель танцев,15 000,Резюме
"Начальник отдела эксплуатации, снабжения, ахо",з/п не ук,Резюме
Ремонт квартиру под ключ,з/п не ук,Резюме
Менеджер по персоналу,45 000,Резюме
Продавец консультант,30 000,Резюме
Менеджер по продажам удаленно свободный график,30 000,Вакансии
Курьер пеший,400,Резюме
Курьер пеший,400,Резюме
Концертмейстер,7 000,Резюме
Требуется Инструктор в тир,2 000,Вакансии
Секретарь-администратор,20 000,Резюме
"Бармен, официант",30 000,Резюме
Менеджер по продажам в Ателье по пошиву одежды,45 000,Вакансии
Менеджер по продажам,40 000,Резюме
"Дизайнер, полиграфия, сайты",500,Резюме
"Оператор пк, бухгалтер на первичную документацию",25 000,Резюме
"Продавец, помощник фотографа, няня, секретарь и тд",з/п не ук,Резюме
"Экспедитор, работник зала, комплектовщик и т. п",20 000,Резюме
"Водитель, разнорабочий",45 000,Резюме
"Агент недвижимости, Риэлтор",42 000,Вакансии
Строитель,50 000,Резюме
"Менеджер по туризму, гид",25 000,Резюме
Мастер строительного участка,з/п не ук,Резюме
Ищю работу офециально,1 200,Резюме
Прораб смр,60 000,Резюме
Маляр по дереву,60 000,Вакансии
"Водитель-экспедитор В, С. Личный, семейный водител",30 000,Резюме
Начальник отдела продаж Хорека,80 000,Резюме
Водитель на личном авто,з/п не ук,Резюме
Водитель,40 000,Резюме
"Дизайнер(интерьера, среды) архитектор-проектировщи",з/п не ук,Резюме
Заправщик любых картриджей,30 000,Резюме
Машинист экскаватора,з/п не ук,Резюме
Инженер материально-технического обеспечения,50 000,Резюме
Водитель кат в,35 000,Резюме
Профессионал водитель в семью,50 000,Резюме
Водитель,40 000,Резюме
Специалист по кадрам,40 000,Резюме
Продавец,30 000,Резюме
Операционист 1С,з/п не ук,Вакансии
Сметчик,з/п не ук,Резюме
Водитель в,2 500,Резюме
Начальник производства,50 000,Вакансии
Подработка для студентки медвуза,15 000,Резюме
Няня спешит на помощь.),200,Резюме
Продавец-кассир,30 000,Резюме
"Архитектор-техник, работа для студентов",з/п не ук,Резюме
"Рихтовщик, Автомаляр",40 000,Резюме
Работник с ежедневными выплатами,45 000,Резюме
Сварщик-монтажник,25 000,Вакансии
"Парикмахер-универсал, мастер маникюра",30 000,Вакансии
Ищу подработку не полный день,900,Резюме
"Оператор аттракциона ""Виртуальная реальность""",39 000,Вакансии
"Преподаватель pole dance, exotic pole dance",10 000,Резюме
Начинающий специалист в области архитектуры,з/п не ук,Резюме
Андеррайтер,з/п не ук,Резюме
Требуется начальник охраны,30 000,Вакансии
Стропальщик,35 000,Резюме
Уборщица,21 000,Вакансии
Работа/подработка на выходные,з/п не ук,Резюме
Инструктор групповых программ,15 000,Резюме
Курьер в выходные дни,з/п не ук,Резюме
Водитель,55 000,Резюме
Менеджер,40 000,Резюме
Работа на дому,50 000,Резюме
Техник,45 000,Вакансии
Товаровед,40 000,Резюме
Мастер,з/п не ук,Резюме
Водитель категории В,з/п не ук,Резюме
"Официант, Журналист. Продавец",20 000,Резюме
Инженер пто,з/п не ук,Вакансии
"Подработка на пятницу, субботу, воскресенье",з/п не ук,Резюме
Повар,з/п не ук,Вакансии
Ищу работу,35 000,Резюме
Инструктор тренажёрного зала,з/п не ук,Резюме
Требуется уборщица на подработку,7 000,Вакансии
Администратор рецепции,19 800,Вакансии
Ищу работу,35 000,Резюме
Оператор технологических установок,35 000,Резюме
Ландшафтный дизайнер,30 000,Резюме
Грузчиком/разнорабочим/экспедитором и т. д,2 000,Резюме
Монтажник вентиляции и кондиционеров,2 500,Резюме
Специалист/начальник службы безопасности,45 000,Резюме
Требуется уборщица,18 000,Вакансии
Повар горячего цеха,з/п не ук,Резюме
Сварщик,50 000,Вакансии
Менеджер в отдел продаж,60 000,Вакансии
Такси,35 000,Вакансии
Монтажник кондиционеров,5 000,Резюме
Всё равно. Хочу работать,з/п не ук,Резюме
Желательно электрик с 18.00-22.00,1 000,Резюме
Логопед,з/п не ук,Вакансии
Автомаляр,50 000,Резюме
Педагог,з/п не ук,Вакансии
Менеджер по продажам,20 000,Вакансии
Менеджер,50 000,Резюме
Осветитель,з/п не ук,Резюме
Гипсокартонщики,70 000,Вакансии
Оператор игрового зала Гранд Каньон,16 000,Вакансии
Врач стоматолог терапевт,з/п не ук,Резюме
Автоэлектрик-диагност,30 000,Вакансии
Повар,130,Резюме
Нуждаюсь В работе,з/п не ук,Резюме
Монтажник натяжных потолков,з/п не ук,Резюме
"Репетитор , Учитель-дефектолог (сурдопедагог)",з/п не ук,Резюме
Зоотовары продажи,20 000,Вакансии
Продавец-консультант,25 000,Резюме
Менеджер по закупкам,з/п не ук,Вакансии
Специалист отдела кадров,25 000,Резюме
Помощник бухгалтера,з/п не ук,Резюме
Управляющий-администратор ресторана,з/п не ук,Резюме
Продавец-кассир,з/п не ук,Резюме
Любая,45 000,Резюме
Менеджер по клинингу,30 000,Вакансии
"Логист, помощник логиста 25000-40000",з/п не ук,Резюме
Водитель со своим а/м портер-реф,з/п не ук,Резюме
Повар,27 000,Вакансии
Нуждаюсь В работе,з/п не ук,Резюме
"Оператор, диспетчер телефонный, гостиничная вахта",з/п не ук,Резюме
Разнорабочий русский с руками и головой,з/п не ук,Резюме
Менеджер по продажам,40 000,Вакансии
Ищу подработку свободный график,6 000,Резюме
"Продавец в магазин ""Подарки. Родословная книга""",30 000,Вакансии
Кассир - бармен на линию раздачи,1 000,Вакансии
Электромонтажник,з/п не ук,Вакансии
Водитель,35 000,Резюме
Продавец,з/п не ук,Резюме
Требуется продавец-консультант,25 000,Вакансии
Бухгалтер,7 000,Резюме
Ищу работу регистрация нету пока билет,1 800,Резюме
Ищу работу,40 000,Резюме
"Администратор в салон красоты, фитнес клуб",23 000,Резюме
Парикмахер-универсал Купчино Звёздная Пр. Ветерано,50 000,Вакансии
Торговый представитель,50 000,Вакансии
Продавец-кассир в магазин аксессуаров Eniko,25 000,Вакансии
Технический специалист,40 000,Резюме
Ищу работу кровельщиком,50 000,Резюме
Фотограф,700,Резюме
Продавец-консультант,35 000,Вакансии
"Водители кат. ""с"", ""миксера"", кат.""е"" цементовоз",70 000,Вакансии
Репетитор начальных классов,400,Резюме
Водитель,35 000,Резюме
Печатник/Специалист пре-пресс,35 000,Резюме
Оператор аттракциона в трц,з/п не ук,Вакансии
Мастер ногтевого сервиса,з/п не ук,Резюме
Менеджер по продаже оборудования (отопление),35 000,Резюме
Офис-менеджер,25 000,Вакансии
Подработка,з/п не ук,Резюме
Региональный торговый представитель,60 000,Вакансии
Менеджер по продажам товаров для рыбалки,35 000,Резюме
Продавец-консультант,з/п не ук,Резюме
Менеджер Call-центра,25 000,Вакансии
Хочу зарабатывать,60 000,Резюме
Водитель с своим микроавтобусом,70 000,Резюме
Работа,35 000,Резюме
